ticker,flag_date,direction,checkpoint_days,checked_date,price_at_flag,price_at_checkpoint,pct_change,hit
ACMR,2026-07-10,call,1,2026-07-31,106.04,80.19,-24.38,False
ACMR,2026-07-10,call,3,2026-07-31,106.04,80.19,-24.38,False
ACMR,2026-07-10,call,5,2026-07-31,106.04,80.19,-24.38,False
ACMR,2026-07-10,call,10,2026-07-31,106.04,80.19,-24.38,False
AEO,2026-07-10,call,1,2026-07-31,16.68,17.355,4.05,True
AEO,2026-07-10,call,3,2026-07-31,16.68,17.355,4.05,True
AEO,2026-07-10,call,5,2026-07-31,16.68,17.355,4.05,True
AEO,2026-07-10,call,10,2026-07-31,16.68,17.355,4.05,True
ARR,2026-07-10,put,1,2026-07-31,17.09,16.44,-3.8,True
ARR,2026-07-10,put,3,2026-07-31,17.09,16.44,-3.8,True
ARR,2026-07-10,put,5,2026-07-31,17.09,16.44,-3.8,True
ARR,2026-07-10,put,10,2026-07-31,17.09,16.44,-3.8,True
PK,2026-07-10,call,1,2026-07-31,14.14,15.095,6.75,True
PK,2026-07-10,call,3,2026-07-31,14.14,15.095,6.75,True
PK,2026-07-10,call,5,2026-07-31,14.14,15.095,6.75,True
PK,2026-07-10,call,10,2026-07-31,14.14,15.095,6.75,True
ASH,2026-07-10,call,1,2026-07-31,65.0,72.47,11.49,True
ASH,2026-07-10,call,3,2026-07-31,65.0,72.47,11.49,True
ASH,2026-07-10,call,5,2026-07-31,65.0,72.47,11.49,True
ASH,2026-07-10,call,10,2026-07-31,65.0,72.47,11.49,True
OPEN,2026-07-10,call,1,2026-07-31,5.3,3.83,-27.74,False
OPEN,2026-07-10,call,3,2026-07-31,5.3,3.83,-27.74,False
OPEN,2026-07-10,call,5,2026-07-31,5.3,3.83,-27.74,False
OPEN,2026-07-10,call,10,2026-07-31,5.3,3.83,-27.74,False
LASR,2026-07-10,call,1,2026-07-31,74.71,70.01,-6.29,False
LASR,2026-07-10,call,3,2026-07-31,74.71,70.01,-6.29,False
LASR,2026-07-10,call,5,2026-07-31,74.71,70.01,-6.29,False
LASR,2026-07-10,call,10,2026-07-31,74.71,70.01,-6.29,False
PRAX,2026-07-10,call,1,2026-07-31,333.12,307.83,-7.59,False
PRAX,2026-07-10,call,3,2026-07-31,333.12,307.83,-7.59,False
PRAX,2026-07-10,call,5,2026-07-31,333.12,307.83,-7.59,False
PRAX,2026-07-10,call,10,2026-07-31,333.12,307.83,-7.59,False
WDFC,2026-07-10,put,1,2026-07-31,267.42,226.5,-15.3,True
WDFC,2026-07-10,put,3,2026-07-31,267.42,226.5,-15.3,True
WDFC,2026-07-10,put,5,2026-07-31,267.42,226.5,-15.3,True
WDFC,2026-07-10,put,10,2026-07-31,267.42,226.5,-15.3,True
MTH,2026-07-10,call,1,2026-07-31,76.5025,71.24,-6.88,False
MTH,2026-07-10,call,3,2026-07-31,76.5025,71.24,-6.88,False
MTH,2026-07-10,call,5,2026-07-31,76.5025,71.24,-6.88,False
MTH,2026-07-10,call,10,2026-07-31,76.5025,71.24,-6.88,False
GTX,2026-07-10,call,1,2026-07-31,32.61,31.09,-4.66,False
GTX,2026-07-10,call,3,2026-07-31,32.61,31.09,-4.66,False
GTX,2026-07-10,call,5,2026-07-31,32.61,31.09,-4.66,False
GTX,2026-07-10,call,10,2026-07-31,32.61,31.09,-4.66,False
FCF,2026-07-10,call,1,2026-07-31,20.33,21.38,5.16,True
FCF,2026-07-10,call,3,2026-07-31,20.33,21.38,5.16,True
FCF,2026-07-10,call,5,2026-07-31,20.33,21.38,5.16,True
FCF,2026-07-10,call,10,2026-07-31,20.33,21.38,5.16,True
CBT,2026-07-10,call,1,2026-07-31,88.09,87.845,-0.28,False
CBT,2026-07-10,call,3,2026-07-31,88.09,87.845,-0.28,False
CBT,2026-07-10,call,5,2026-07-31,88.09,87.845,-0.28,False
CBT,2026-07-10,call,10,2026-07-31,88.09,87.845,-0.28,False
IDCC,2026-07-10,call,1,2026-07-31,266.6799,302.56,13.45,True
IDCC,2026-07-10,call,3,2026-07-31,266.6799,302.56,13.45,True
IDCC,2026-07-10,call,5,2026-07-31,266.6799,302.56,13.45,True
IDCC,2026-07-10,call,10,2026-07-31,266.6799,302.56,13.45,True
EBC,2026-07-10,call,1,2026-07-31,22.285,22.885,2.69,True
EBC,2026-07-10,call,3,2026-07-31,22.285,22.885,2.69,True
EBC,2026-07-10,call,5,2026-07-31,22.285,22.885,2.69,True
EBC,2026-07-10,call,10,2026-07-31,22.285,22.885,2.69,True
PFS,2026-07-10,call,1,2026-07-31,23.62,24.67,4.45,True
PFS,2026-07-10,call,3,2026-07-31,23.62,24.67,4.45,True
PFS,2026-07-10,call,5,2026-07-31,23.62,24.67,4.45,True
PFS,2026-07-10,call,10,2026-07-31,23.62,24.67,4.45,True
NOVT,2026-07-10,put,1,2026-07-31,156.99,144.455,-7.98,True
NOVT,2026-07-10,put,3,2026-07-31,156.99,144.455,-7.98,True
NOVT,2026-07-10,put,5,2026-07-31,156.99,144.455,-7.98,True
NOVT,2026-07-10,put,10,2026-07-31,156.99,144.455,-7.98,True
SKYW,2026-07-10,put,1,2026-07-31,99.595,108.17,8.61,False
SKYW,2026-07-10,put,3,2026-07-31,99.595,108.17,8.61,False
SKYW,2026-07-10,put,5,2026-07-31,99.595,108.17,8.61,False
SKYW,2026-07-10,put,10,2026-07-31,99.595,108.17,8.61,False
NATL,2026-07-10,put,1,2026-07-31,44.82,46.9,4.64,False
NATL,2026-07-10,put,3,2026-07-31,44.82,46.9,4.64,False
NATL,2026-07-10,put,5,2026-07-31,44.82,46.9,4.64,False
NATL,2026-07-10,put,10,2026-07-31,44.82,46.9,4.64,False
NPO,2026-07-10,put,1,2026-07-31,333.69,315.615,-5.42,True
NPO,2026-07-10,put,3,2026-07-31,333.69,315.615,-5.42,True
NPO,2026-07-10,put,5,2026-07-31,333.69,315.615,-5.42,True
NPO,2026-07-10,put,10,2026-07-31,333.69,315.615,-5.42,True
JXN,2026-07-10,put,1,2026-07-31,119.19,121.615,2.03,False
JXN,2026-07-10,put,3,2026-07-31,119.19,121.615,2.03,False
JXN,2026-07-10,put,5,2026-07-31,119.19,121.615,2.03,False
JXN,2026-07-10,put,10,2026-07-31,119.19,121.615,2.03,False
PSMT,2026-07-10,put,1,2026-07-31,197.985,195.1256,-1.44,True
PSMT,2026-07-10,put,3,2026-07-31,197.985,195.1256,-1.44,True
PSMT,2026-07-10,put,5,2026-07-31,197.985,195.1256,-1.44,True
PSMT,2026-07-10,put,10,2026-07-31,197.985,195.1256,-1.44,True
BFH,2026-07-10,put,1,2026-07-31,97.12,107.85,11.05,False
BFH,2026-07-10,put,3,2026-07-31,97.12,107.85,11.05,False
BFH,2026-07-10,put,5,2026-07-31,97.12,107.85,11.05,False
BFH,2026-07-10,put,10,2026-07-31,97.12,107.85,11.05,False
ASO,2026-07-13,call,1,2026-07-31,46.4,47.68,2.76,True
ASO,2026-07-13,call,3,2026-07-31,46.4,47.68,2.76,True
ASO,2026-07-13,call,5,2026-07-31,46.4,47.68,2.76,True
ASO,2026-07-13,call,10,2026-07-31,46.4,47.68,2.76,True
SHAK,2026-07-13,call,1,2026-07-31,61.06,62.97,3.13,True
SHAK,2026-07-13,call,3,2026-07-31,61.06,62.97,3.13,True
SHAK,2026-07-13,call,5,2026-07-31,61.06,62.97,3.13,True
SHAK,2026-07-13,call,10,2026-07-31,61.06,62.97,3.13,True
STC,2026-07-13,put,1,2026-07-31,69.645,67.965,-2.41,True
STC,2026-07-13,put,3,2026-07-31,69.645,67.965,-2.41,True
STC,2026-07-13,put,5,2026-07-31,69.645,67.965,-2.41,True
STC,2026-07-13,put,10,2026-07-31,69.645,67.965,-2.41,True
TNGX,2026-07-13,call,1,2026-07-31,28.4,27.28,-3.94,False
TNGX,2026-07-13,call,3,2026-07-31,28.4,27.28,-3.94,False
TNGX,2026-07-13,call,5,2026-07-31,28.4,27.28,-3.94,False
TNGX,2026-07-13,call,10,2026-07-31,28.4,27.28,-3.94,False
FSS,2026-07-13,put,1,2026-07-31,116.075,126.79,9.23,False
FSS,2026-07-13,put,3,2026-07-31,116.075,126.79,9.23,False
FSS,2026-07-13,put,5,2026-07-31,116.075,126.79,9.23,False
FSS,2026-07-13,put,10,2026-07-31,116.075,126.79,9.23,False
GVA,2026-07-13,put,1,2026-07-31,118.78,123.815,4.24,False
GVA,2026-07-13,put,3,2026-07-31,118.78,123.815,4.24,False
GVA,2026-07-13,put,5,2026-07-31,118.78,123.815,4.24,False
GVA,2026-07-13,put,10,2026-07-31,118.78,123.815,4.24,False
FCF,2026-07-13,call,1,2026-07-31,20.365,21.38,4.98,True
FCF,2026-07-13,call,3,2026-07-31,20.365,21.38,4.98,True
FCF,2026-07-13,call,5,2026-07-31,20.365,21.38,4.98,True
FCF,2026-07-13,call,10,2026-07-31,20.365,21.38,4.98,True
PBF,2026-07-13,call,1,2026-07-31,57.73,72.05,24.81,True
PBF,2026-07-13,call,3,2026-07-31,57.73,72.05,24.81,True
PBF,2026-07-13,call,5,2026-07-31,57.73,72.05,24.81,True
PBF,2026-07-13,call,10,2026-07-31,57.73,72.05,24.81,True
EBC,2026-07-13,call,1,2026-07-31,22.265,22.885,2.78,True
EBC,2026-07-13,call,3,2026-07-31,22.265,22.885,2.78,True
EBC,2026-07-13,call,5,2026-07-31,22.265,22.885,2.78,True
EBC,2026-07-13,call,10,2026-07-31,22.265,22.885,2.78,True
PFS,2026-07-13,call,1,2026-07-31,23.52,24.67,4.89,True
PFS,2026-07-13,call,3,2026-07-31,23.52,24.67,4.89,True
PFS,2026-07-13,call,5,2026-07-31,23.52,24.67,4.89,True
PFS,2026-07-13,call,10,2026-07-31,23.52,24.67,4.89,True
SKYW,2026-07-13,put,1,2026-07-31,97.24,108.17,11.24,False
SKYW,2026-07-13,put,3,2026-07-31,97.24,108.17,11.24,False
SKYW,2026-07-13,put,5,2026-07-31,97.24,108.17,11.24,False
SKYW,2026-07-13,put,10,2026-07-31,97.24,108.17,11.24,False
NPO,2026-07-13,put,1,2026-07-31,326.16,315.615,-3.23,True
NPO,2026-07-13,put,3,2026-07-31,326.16,315.615,-3.23,True
NPO,2026-07-13,put,5,2026-07-31,326.16,315.615,-3.23,True
NPO,2026-07-13,put,10,2026-07-31,326.16,315.615,-3.23,True
NATL,2026-07-13,put,1,2026-07-31,45.42,46.9,3.26,False
NATL,2026-07-13,put,3,2026-07-31,45.42,46.9,3.26,False
NATL,2026-07-13,put,5,2026-07-31,45.42,46.9,3.26,False
NATL,2026-07-13,put,10,2026-07-31,45.42,46.9,3.26,False
JBTM,2026-07-13,put,1,2026-07-31,137.735,138.89,0.84,False
JBTM,2026-07-13,put,3,2026-07-31,137.735,138.89,0.84,False
JBTM,2026-07-13,put,5,2026-07-31,137.735,138.89,0.84,False
JBTM,2026-07-13,put,10,2026-07-31,137.735,138.89,0.84,False
IDCC,2026-07-13,call,1,2026-07-31,259.6,302.56,16.55,True
IDCC,2026-07-13,call,3,2026-07-31,259.6,302.56,16.55,True
IDCC,2026-07-13,call,5,2026-07-31,259.6,302.56,16.55,True
IDCC,2026-07-13,call,10,2026-07-31,259.6,302.56,16.55,True
MD,2026-07-14,put,1,2026-07-31,24.69,26.29,6.48,False
MD,2026-07-14,put,3,2026-07-31,24.69,26.29,6.48,False
MD,2026-07-14,put,5,2026-07-31,24.69,26.29,6.48,False
MD,2026-07-14,put,10,2026-07-31,24.69,26.29,6.48,False
INSW,2026-07-14,call,1,2026-07-31,87.74,96.065,9.49,True
INSW,2026-07-14,call,3,2026-07-31,87.74,96.065,9.49,True
INSW,2026-07-14,call,5,2026-07-31,87.74,96.065,9.49,True
INSW,2026-07-14,call,10,2026-07-31,87.74,96.065,9.49,True
KRYS,2026-07-14,call,1,2026-07-31,341.8821,346.53,1.36,True
KRYS,2026-07-14,call,3,2026-07-31,341.8821,346.53,1.36,True
KRYS,2026-07-14,call,5,2026-07-31,341.8821,346.53,1.36,True
KRYS,2026-07-14,call,10,2026-07-31,341.8821,346.53,1.36,True
STC,2026-07-14,put,1,2026-07-31,68.725,67.965,-1.11,True
STC,2026-07-14,put,3,2026-07-31,68.725,67.965,-1.11,True
STC,2026-07-14,put,5,2026-07-31,68.725,67.965,-1.11,True
STC,2026-07-14,put,10,2026-07-31,68.725,67.965,-1.11,True
FCF,2026-07-14,call,1,2026-07-31,20.5,21.38,4.29,True
FCF,2026-07-14,call,3,2026-07-31,20.5,21.38,4.29,True
FCF,2026-07-14,call,5,2026-07-31,20.5,21.38,4.29,True
FCF,2026-07-14,call,10,2026-07-31,20.5,21.38,4.29,True
VC,2026-07-14,call,1,2026-07-31,103.15,104.7175,1.52,True
VC,2026-07-14,call,3,2026-07-31,103.15,104.7175,1.52,True
VC,2026-07-14,call,5,2026-07-31,103.15,104.7175,1.52,True
VC,2026-07-14,call,10,2026-07-31,103.15,104.7175,1.52,True
CRC,2026-07-14,call,1,2026-07-31,51.765,52.03,0.51,True
CRC,2026-07-14,call,3,2026-07-31,51.765,52.03,0.51,True
CRC,2026-07-14,call,5,2026-07-31,51.765,52.03,0.51,True
CRC,2026-07-14,call,10,2026-07-31,51.765,52.03,0.51,True
EBC,2026-07-14,call,1,2026-07-31,22.425,22.885,2.05,True
EBC,2026-07-14,call,3,2026-07-31,22.425,22.885,2.05,True
EBC,2026-07-14,call,5,2026-07-31,22.425,22.885,2.05,True
EBC,2026-07-14,call,10,2026-07-31,22.425,22.885,2.05,True
GVA,2026-07-14,put,1,2026-07-31,121.36,123.815,2.02,False
GVA,2026-07-14,put,3,2026-07-31,121.36,123.815,2.02,False
GVA,2026-07-14,put,5,2026-07-31,121.36,123.815,2.02,False
GVA,2026-07-14,put,10,2026-07-31,121.36,123.815,2.02,False
PFS,2026-07-14,call,1,2026-07-31,23.52,24.67,4.89,True
PFS,2026-07-14,call,3,2026-07-31,23.52,24.67,4.89,True
PFS,2026-07-14,call,5,2026-07-31,23.52,24.67,4.89,True
PFS,2026-07-14,call,10,2026-07-31,23.52,24.67,4.89,True
NPO,2026-07-14,put,1,2026-07-31,330.055,315.615,-4.38,True
NPO,2026-07-14,put,3,2026-07-31,330.055,315.615,-4.38,True
NPO,2026-07-14,put,5,2026-07-31,330.055,315.615,-4.38,True
NPO,2026-07-14,put,10,2026-07-31,330.055,315.615,-4.38,True
SKYW,2026-07-14,put,1,2026-07-31,97.48,108.17,10.97,False
SKYW,2026-07-14,put,3,2026-07-31,97.48,108.17,10.97,False
SKYW,2026-07-14,put,5,2026-07-31,97.48,108.17,10.97,False
SKYW,2026-07-14,put,10,2026-07-31,97.48,108.17,10.97,False
NATL,2026-07-14,put,1,2026-07-31,45.59,46.9,2.87,False
NATL,2026-07-14,put,3,2026-07-31,45.59,46.9,2.87,False
NATL,2026-07-14,put,5,2026-07-31,45.59,46.9,2.87,False
NATL,2026-07-14,put,10,2026-07-31,45.59,46.9,2.87,False
JBTM,2026-07-14,put,1,2026-07-31,138.5899,138.89,0.22,False
JBTM,2026-07-14,put,3,2026-07-31,138.5899,138.89,0.22,False
JBTM,2026-07-14,put,5,2026-07-31,138.5899,138.89,0.22,False
JBTM,2026-07-14,put,10,2026-07-31,138.5899,138.89,0.22,False
SFNC,2026-07-14,call,1,2026-07-31,22.99,23.565,2.5,True
SFNC,2026-07-14,call,3,2026-07-31,22.99,23.565,2.5,True
SFNC,2026-07-14,call,5,2026-07-31,22.99,23.565,2.5,True
SFNC,2026-07-14,call,10,2026-07-31,22.99,23.565,2.5,True
TRVI,2026-07-15,call,1,2026-07-31,17.45,18.375,5.3,True
TRVI,2026-07-15,call,3,2026-07-31,17.45,18.375,5.3,True
TRVI,2026-07-15,call,5,2026-07-31,17.45,18.375,5.3,True
TRVI,2026-07-15,call,10,2026-07-31,17.45,18.375,5.3,True
HRI,2026-07-15,call,1,2026-07-31,145.204,150.035,3.33,True
HRI,2026-07-15,call,3,2026-07-31,145.204,150.035,3.33,True
HRI,2026-07-15,call,5,2026-07-31,145.204,150.035,3.33,True
HRI,2026-07-15,call,10,2026-07-31,145.204,150.035,3.33,True
AEHR,2026-07-15,call,1,2026-07-31,88.775,81.0,-8.76,False
AEHR,2026-07-15,call,3,2026-07-31,88.775,81.0,-8.76,False
AEHR,2026-07-15,call,5,2026-07-31,88.775,81.0,-8.76,False
AEHR,2026-07-15,call,10,2026-07-31,88.775,81.0,-8.76,False
STC,2026-07-15,put,1,2026-07-31,69.435,67.965,-2.12,True
STC,2026-07-15,put,3,2026-07-31,69.435,67.965,-2.12,True
STC,2026-07-15,put,5,2026-07-31,69.435,67.965,-2.12,True
STC,2026-07-15,put,10,2026-07-31,69.435,67.965,-2.12,True
EXTR,2026-07-15,call,1,2026-07-31,30.25,30.53,0.93,True
EXTR,2026-07-15,call,3,2026-07-31,30.25,30.53,0.93,True
EXTR,2026-07-15,call,5,2026-07-31,30.25,30.53,0.93,True
EXTR,2026-07-15,call,10,2026-07-31,30.25,30.53,0.93,True
INSW,2026-07-15,call,1,2026-07-31,87.38,96.065,9.94,True
INSW,2026-07-15,call,3,2026-07-31,87.38,96.065,9.94,True
INSW,2026-07-15,call,5,2026-07-31,87.38,96.065,9.94,True
INSW,2026-07-15,call,10,2026-07-31,87.38,96.065,9.94,True
FCF,2026-07-15,call,1,2026-07-31,20.71,21.38,3.24,True
FCF,2026-07-15,call,3,2026-07-31,20.71,21.38,3.24,True
FCF,2026-07-15,call,5,2026-07-31,20.71,21.38,3.24,True
FCF,2026-07-15,call,10,2026-07-31,20.71,21.38,3.24,True
APAM,2026-07-15,put,1,2026-07-31,39.56,39.17,-0.99,True
APAM,2026-07-15,put,3,2026-07-31,39.56,39.17,-0.99,True
APAM,2026-07-15,put,5,2026-07-31,39.56,39.17,-0.99,True
APAM,2026-07-15,put,10,2026-07-31,39.56,39.17,-0.99,True
IRT,2026-07-15,put,1,2026-07-31,16.59,16.635,0.27,False
IRT,2026-07-15,put,3,2026-07-31,16.59,16.635,0.27,False
IRT,2026-07-15,put,5,2026-07-31,16.59,16.635,0.27,False
IRT,2026-07-15,put,10,2026-07-31,16.59,16.635,0.27,False
VC,2026-07-15,call,1,2026-07-31,105.93,104.7175,-1.14,False
VC,2026-07-15,call,3,2026-07-31,105.93,104.7175,-1.14,False
VC,2026-07-15,call,5,2026-07-31,105.93,104.7175,-1.14,False
VC,2026-07-15,call,10,2026-07-31,105.93,104.7175,-1.14,False
SKYW,2026-07-15,put,1,2026-07-31,100.065,108.17,8.1,False
SKYW,2026-07-15,put,3,2026-07-31,100.065,108.17,8.1,False
SKYW,2026-07-15,put,5,2026-07-31,100.065,108.17,8.1,False
SKYW,2026-07-15,put,10,2026-07-31,100.065,108.17,8.1,False
EBC,2026-07-15,call,1,2026-07-31,22.71,22.885,0.77,True
EBC,2026-07-15,call,3,2026-07-31,22.71,22.885,0.77,True
EBC,2026-07-15,call,5,2026-07-31,22.71,22.885,0.77,True
EBC,2026-07-15,call,10,2026-07-31,22.71,22.885,0.77,True
PFS,2026-07-15,call,1,2026-07-31,23.74,24.67,3.92,True
PFS,2026-07-15,call,3,2026-07-31,23.74,24.67,3.92,True
PFS,2026-07-15,call,5,2026-07-31,23.74,24.67,3.92,True
PFS,2026-07-15,call,10,2026-07-31,23.74,24.67,3.92,True
NPO,2026-07-15,put,1,2026-07-31,328.49,315.615,-3.92,True
NPO,2026-07-15,put,3,2026-07-31,328.49,315.615,-3.92,True
NPO,2026-07-15,put,5,2026-07-31,328.49,315.615,-3.92,True
NPO,2026-07-15,put,10,2026-07-31,328.49,315.615,-3.92,True
NATL,2026-07-15,put,1,2026-07-31,46.21,46.9,1.49,False
NATL,2026-07-15,put,3,2026-07-31,46.21,46.9,1.49,False
NATL,2026-07-15,put,5,2026-07-31,46.21,46.9,1.49,False
NATL,2026-07-15,put,10,2026-07-31,46.21,46.9,1.49,False
SRRK,2026-07-16,call,1,2026-07-31,51.44,47.605,-7.46,False
SRRK,2026-07-16,call,3,2026-07-31,51.44,47.605,-7.46,False
SRRK,2026-07-16,call,5,2026-07-31,51.44,47.605,-7.46,False
SRRK,2026-07-16,call,10,2026-07-31,51.44,47.605,-7.46,False
STC,2026-07-16,put,1,2026-07-31,72.19,67.965,-5.85,True
STC,2026-07-16,put,3,2026-07-31,72.19,67.965,-5.85,True
STC,2026-07-16,put,5,2026-07-31,72.19,67.965,-5.85,True
STC,2026-07-16,put,10,2026-07-31,72.19,67.965,-5.85,True
FCF,2026-07-16,call,1,2026-07-31,21.28,21.38,0.47,True
FCF,2026-07-16,call,3,2026-07-31,21.28,21.38,0.47,True
FCF,2026-07-16,call,5,2026-07-31,21.28,21.38,0.47,True
FCF,2026-07-16,call,10,2026-07-31,21.28,21.38,0.47,True
TRVI,2026-07-16,call,1,2026-07-31,17.155,18.375,7.11,True
TRVI,2026-07-16,call,3,2026-07-31,17.155,18.375,7.11,True
TRVI,2026-07-16,call,5,2026-07-31,17.155,18.375,7.11,True
TRVI,2026-07-16,call,10,2026-07-31,17.155,18.375,7.11,True
IRT,2026-07-16,put,1,2026-07-31,16.87,16.635,-1.39,True
IRT,2026-07-16,put,3,2026-07-31,16.87,16.635,-1.39,True
IRT,2026-07-16,put,5,2026-07-31,16.87,16.635,-1.39,True
IRT,2026-07-16,put,10,2026-07-31,16.87,16.635,-1.39,True
EBC,2026-07-16,call,1,2026-07-31,23.355,22.885,-2.01,False
EBC,2026-07-16,call,3,2026-07-31,23.355,22.885,-2.01,False
EBC,2026-07-16,call,5,2026-07-31,23.355,22.885,-2.01,False
EBC,2026-07-16,call,10,2026-07-31,23.355,22.885,-2.01,False
MD,2026-07-16,put,1,2026-07-31,26.65,26.29,-1.35,True
MD,2026-07-16,put,3,2026-07-31,26.65,26.29,-1.35,True
MD,2026-07-16,put,5,2026-07-31,26.65,26.29,-1.35,True
MD,2026-07-16,put,10,2026-07-31,26.65,26.29,-1.35,True
VC,2026-07-16,call,1,2026-07-31,106.68,104.7175,-1.84,False
VC,2026-07-16,call,3,2026-07-31,106.68,104.7175,-1.84,False
VC,2026-07-16,call,5,2026-07-31,106.68,104.7175,-1.84,False
VC,2026-07-16,call,10,2026-07-31,106.68,104.7175,-1.84,False
PFS,2026-07-16,call,1,2026-07-31,24.43,24.67,0.98,True
PFS,2026-07-16,call,3,2026-07-31,24.43,24.67,0.98,True
PFS,2026-07-16,call,5,2026-07-31,24.43,24.67,0.98,True
PFS,2026-07-16,call,10,2026-07-31,24.43,24.67,0.98,True
NPO,2026-07-16,put,1,2026-07-31,323.4525,315.615,-2.42,True
NPO,2026-07-16,put,3,2026-07-31,323.4525,315.615,-2.42,True
NPO,2026-07-16,put,5,2026-07-31,323.4525,315.615,-2.42,True
NPO,2026-07-16,put,10,2026-07-31,323.4525,315.615,-2.42,True
SKYW,2026-07-16,put,1,2026-07-31,100.46,108.17,7.67,False
SKYW,2026-07-16,put,3,2026-07-31,100.46,108.17,7.67,False
SKYW,2026-07-16,put,5,2026-07-31,100.46,108.17,7.67,False
SKYW,2026-07-16,put,10,2026-07-31,100.46,108.17,7.67,False
MTH,2026-07-16,put,1,2026-07-31,76.86,71.24,-7.31,True
MTH,2026-07-16,put,3,2026-07-31,76.86,71.24,-7.31,True
MTH,2026-07-16,put,5,2026-07-31,76.86,71.24,-7.31,True
MTH,2026-07-16,put,10,2026-07-31,76.86,71.24,-7.31,True
NATL,2026-07-16,put,1,2026-07-31,46.83,46.9,0.15,False
NATL,2026-07-16,put,3,2026-07-31,46.83,46.9,0.15,False
NATL,2026-07-16,put,5,2026-07-31,46.83,46.9,0.15,False
NATL,2026-07-16,put,10,2026-07-31,46.83,46.9,0.15,False
AXGN,2026-07-16,call,1,2026-07-31,39.55,41.8,5.69,True
AXGN,2026-07-16,call,3,2026-07-31,39.55,41.8,5.69,True
AXGN,2026-07-16,call,5,2026-07-31,39.55,41.8,5.69,True
AXGN,2026-07-16,call,10,2026-07-31,39.55,41.8,5.69,True
KGS,2026-07-16,put,1,2026-07-31,66.85,59.37,-11.19,True
KGS,2026-07-16,put,3,2026-07-31,66.85,59.37,-11.19,True
KGS,2026-07-16,put,5,2026-07-31,66.85,59.37,-11.19,True
KGS,2026-07-16,put,10,2026-07-31,66.85,59.37,-11.19,True
INOD,2026-07-17,put,1,2026-07-31,61.395,63.57,3.54,False
INOD,2026-07-17,put,3,2026-07-31,61.395,63.57,3.54,False
INOD,2026-07-17,put,5,2026-07-31,61.395,63.57,3.54,False
INOD,2026-07-17,put,10,2026-07-31,61.395,63.57,3.54,False
FLG,2026-07-17,call,1,2026-07-31,14.96,14.305,-4.38,False
FLG,2026-07-17,call,3,2026-07-31,14.96,14.305,-4.38,False
FLG,2026-07-17,call,5,2026-07-31,14.96,14.305,-4.38,False
FLG,2026-07-17,call,10,2026-07-31,14.96,14.305,-4.38,False
CTRE,2026-07-17,call,1,2026-07-31,42.73,41.785,-2.21,False
CTRE,2026-07-17,call,3,2026-07-31,42.73,41.785,-2.21,False
CTRE,2026-07-17,call,5,2026-07-31,42.73,41.785,-2.21,False
CTRE,2026-07-17,call,10,2026-07-31,42.73,41.785,-2.21,False
LBRT,2026-07-17,put,1,2026-07-31,23.77,18.735,-21.18,True
LBRT,2026-07-17,put,3,2026-07-31,23.77,18.735,-21.18,True
LBRT,2026-07-17,put,5,2026-07-31,23.77,18.735,-21.18,True
LBRT,2026-07-17,put,10,2026-07-31,23.77,18.735,-21.18,True
STC,2026-07-17,put,1,2026-07-31,71.9,67.965,-5.47,True
STC,2026-07-17,put,3,2026-07-31,71.9,67.965,-5.47,True
STC,2026-07-17,put,5,2026-07-31,71.9,67.965,-5.47,True
STC,2026-07-17,put,10,2026-07-31,71.9,67.965,-5.47,True
FCF,2026-07-17,call,1,2026-07-31,21.035,21.38,1.64,True
FCF,2026-07-17,call,3,2026-07-31,21.035,21.38,1.64,True
FCF,2026-07-17,call,5,2026-07-31,21.035,21.38,1.64,True
FCF,2026-07-17,call,10,2026-07-31,21.035,21.38,1.64,True
IRT,2026-07-17,put,1,2026-07-31,16.64,16.635,-0.03,True
IRT,2026-07-17,put,3,2026-07-31,16.64,16.635,-0.03,True
IRT,2026-07-17,put,5,2026-07-31,16.64,16.635,-0.03,True
IRT,2026-07-17,put,10,2026-07-31,16.64,16.635,-0.03,True
KWR,2026-07-17,call,1,2026-07-31,150.615,162.14,7.65,True
KWR,2026-07-17,call,3,2026-07-31,150.615,162.14,7.65,True
KWR,2026-07-17,call,5,2026-07-31,150.615,162.14,7.65,True
KWR,2026-07-17,call,10,2026-07-31,150.615,162.14,7.65,True
PFS,2026-07-17,call,1,2026-07-31,24.08,24.67,2.45,True
PFS,2026-07-17,call,3,2026-07-31,24.08,24.67,2.45,True
PFS,2026-07-17,call,5,2026-07-31,24.08,24.67,2.45,True
PFS,2026-07-17,call,10,2026-07-31,24.08,24.67,2.45,True
MD,2026-07-17,put,1,2026-07-31,26.08,26.29,0.81,False
MD,2026-07-17,put,3,2026-07-31,26.08,26.29,0.81,False
MD,2026-07-17,put,5,2026-07-31,26.08,26.29,0.81,False
MD,2026-07-17,put,10,2026-07-31,26.08,26.29,0.81,False
KGS,2026-07-17,put,1,2026-07-31,64.63,59.37,-8.14,True
KGS,2026-07-17,put,3,2026-07-31,64.63,59.37,-8.14,True
KGS,2026-07-17,put,5,2026-07-31,64.63,59.37,-8.14,True
KGS,2026-07-17,put,10,2026-07-31,64.63,59.37,-8.14,True
IRON,2026-07-17,call,1,2026-07-31,75.28,77.0,2.28,True
IRON,2026-07-17,call,3,2026-07-31,75.28,77.0,2.28,True
IRON,2026-07-17,call,5,2026-07-31,75.28,77.0,2.28,True
IRON,2026-07-17,call,10,2026-07-31,75.28,77.0,2.28,True
NATL,2026-07-17,put,1,2026-07-31,47.175,46.9,-0.58,True
NATL,2026-07-17,put,3,2026-07-31,47.175,46.9,-0.58,True
NATL,2026-07-17,put,5,2026-07-31,47.175,46.9,-0.58,True
NATL,2026-07-17,put,10,2026-07-31,47.175,46.9,-0.58,True
SKYW,2026-07-17,put,1,2026-07-31,96.19,108.17,12.45,False
SKYW,2026-07-17,put,3,2026-07-31,96.19,108.17,12.45,False
SKYW,2026-07-17,put,5,2026-07-31,96.19,108.17,12.45,False
SKYW,2026-07-17,put,10,2026-07-31,96.19,108.17,12.45,False
EBC,2026-07-17,call,1,2026-07-31,23.045,22.885,-0.69,False
EBC,2026-07-17,call,3,2026-07-31,23.045,22.885,-0.69,False
EBC,2026-07-17,call,5,2026-07-31,23.045,22.885,-0.69,False
EBC,2026-07-17,call,10,2026-07-31,23.045,22.885,-0.69,False
CALX,2026-07-20,call,1,2026-07-31,39.14,35.63,-8.97,False
CALX,2026-07-20,call,3,2026-07-31,39.14,35.63,-8.97,False
CALX,2026-07-20,call,5,2026-07-31,39.14,35.63,-8.97,False
ACHR,2026-07-20,call,1,2026-07-31,5.225,4.6699,-10.62,False
ACHR,2026-07-20,call,3,2026-07-31,5.225,4.6699,-10.62,False
ACHR,2026-07-20,call,5,2026-07-31,5.225,4.6699,-10.62,False
MMSI,2026-07-20,call,1,2026-07-31,75.265,85.62,13.76,True
MMSI,2026-07-20,call,3,2026-07-31,75.265,85.62,13.76,True
MMSI,2026-07-20,call,5,2026-07-31,75.265,85.62,13.76,True
ASTH,2026-07-20,call,1,2026-07-31,45.23,35.695,-21.08,False
ASTH,2026-07-20,call,3,2026-07-31,45.23,35.695,-21.08,False
ASTH,2026-07-20,call,5,2026-07-31,45.23,35.695,-21.08,False
FCF,2026-07-20,call,1,2026-07-31,20.905,21.38,2.27,True
FCF,2026-07-20,call,3,2026-07-31,20.905,21.38,2.27,True
FCF,2026-07-20,call,5,2026-07-31,20.905,21.38,2.27,True
CIFR,2026-07-20,put,1,2026-07-31,20.695,23.02,11.23,False
CIFR,2026-07-20,put,3,2026-07-31,20.695,23.02,11.23,False
CIFR,2026-07-20,put,5,2026-07-31,20.695,23.02,11.23,False
TTAN,2026-07-20,call,1,2026-07-31,80.29,82.835,3.17,True
TTAN,2026-07-20,call,3,2026-07-31,80.29,82.835,3.17,True
TTAN,2026-07-20,call,5,2026-07-31,80.29,82.835,3.17,True
IMVT,2026-07-20,call,1,2026-07-31,39.89,38.54,-3.38,False
IMVT,2026-07-20,call,3,2026-07-31,39.89,38.54,-3.38,False
IMVT,2026-07-20,call,5,2026-07-31,39.89,38.54,-3.38,False
SLS,2026-07-20,call,1,2026-07-31,12.27,10.07,-17.93,False
SLS,2026-07-20,call,3,2026-07-31,12.27,10.07,-17.93,False
SLS,2026-07-20,call,5,2026-07-31,12.27,10.07,-17.93,False
ELVN,2026-07-20,put,1,2026-07-31,52.03,55.37,6.42,False
ELVN,2026-07-20,put,3,2026-07-31,52.03,55.37,6.42,False
ELVN,2026-07-20,put,5,2026-07-31,52.03,55.37,6.42,False
TMHC,2026-07-20,call,1,2026-07-31,72.45,72.45,0.0,False
TMHC,2026-07-20,call,3,2026-07-31,72.45,72.45,0.0,False
TMHC,2026-07-20,call,5,2026-07-31,72.45,72.45,0.0,False
HUT,2026-07-20,call,1,2026-07-31,99.79,110.38,10.61,True
HUT,2026-07-20,call,3,2026-07-31,99.79,110.38,10.61,True
HUT,2026-07-20,call,5,2026-07-31,99.79,110.38,10.61,True
BULL,2026-07-20,call,1,2026-07-31,7.635,7.085,-7.2,False
BULL,2026-07-20,call,3,2026-07-31,7.635,7.085,-7.2,False
BULL,2026-07-20,call,5,2026-07-31,7.635,7.085,-7.2,False
IDYA,2026-07-20,call,1,2026-07-31,35.83,35.695,-0.38,False
IDYA,2026-07-20,call,3,2026-07-31,35.83,35.695,-0.38,False
IDYA,2026-07-20,call,5,2026-07-31,35.83,35.695,-0.38,False
PRM,2026-07-20,call,1,2026-07-31,35.51,30.755,-13.39,False
PRM,2026-07-20,call,3,2026-07-31,35.51,30.755,-13.39,False
PRM,2026-07-20,call,5,2026-07-31,35.51,30.755,-13.39,False
SBRA,2026-07-21,call,1,2026-07-31,21.75,21.2,-2.53,False
SBRA,2026-07-21,call,3,2026-07-31,21.75,21.2,-2.53,False
SBRA,2026-07-21,call,5,2026-07-31,21.75,21.2,-2.53,False
FCF,2026-07-21,call,1,2026-07-31,20.84,21.38,2.59,True
FCF,2026-07-21,call,3,2026-07-31,20.84,21.38,2.59,True
FCF,2026-07-21,call,5,2026-07-31,20.84,21.38,2.59,True
LBRT,2026-07-21,call,1,2026-07-31,24.95,18.735,-24.91,False
LBRT,2026-07-21,call,3,2026-07-31,24.95,18.735,-24.91,False
LBRT,2026-07-21,call,5,2026-07-31,24.95,18.735,-24.91,False
RSI,2026-07-21,put,1,2026-07-31,33.8,27.46,-18.76,True
RSI,2026-07-21,put,3,2026-07-31,33.8,27.46,-18.76,True
RSI,2026-07-21,put,5,2026-07-31,33.8,27.46,-18.76,True
APAM,2026-07-21,call,1,2026-07-31,39.28,39.17,-0.28,False
APAM,2026-07-21,call,3,2026-07-31,39.28,39.17,-0.28,False
APAM,2026-07-21,call,5,2026-07-31,39.28,39.17,-0.28,False
CALX,2026-07-21,put,1,2026-07-31,35.34,35.63,0.82,False
CALX,2026-07-21,put,3,2026-07-31,35.34,35.63,0.82,False
CALX,2026-07-21,put,5,2026-07-31,35.34,35.63,0.82,False
IMVT,2026-07-21,call,1,2026-07-31,39.73,38.54,-3.0,False
IMVT,2026-07-21,call,3,2026-07-31,39.73,38.54,-3.0,False
IMVT,2026-07-21,call,5,2026-07-31,39.73,38.54,-3.0,False
TNGX,2026-07-21,call,1,2026-07-31,29.06,27.28,-6.13,False
TNGX,2026-07-21,call,3,2026-07-31,29.06,27.28,-6.13,False
TNGX,2026-07-21,call,5,2026-07-31,29.06,27.28,-6.13,False
JOBY,2026-07-21,call,1,2026-07-31,7.725,7.135,-7.64,False
JOBY,2026-07-21,call,3,2026-07-31,7.725,7.135,-7.64,False
JOBY,2026-07-21,call,5,2026-07-31,7.725,7.135,-7.64,False
ACHR,2026-07-21,call,1,2026-07-31,5.3099,4.6699,-12.05,False
ACHR,2026-07-21,call,3,2026-07-31,5.3099,4.6699,-12.05,False
ACHR,2026-07-21,call,5,2026-07-31,5.3099,4.6699,-12.05,False
BULL,2026-07-21,call,1,2026-07-31,8.19,7.085,-13.49,False
BULL,2026-07-21,call,3,2026-07-31,8.19,7.085,-13.49,False
BULL,2026-07-21,call,5,2026-07-31,8.19,7.085,-13.49,False
XMTR,2026-07-21,call,1,2026-07-31,104.58,85.46,-18.28,False
XMTR,2026-07-21,call,3,2026-07-31,104.58,85.46,-18.28,False
XMTR,2026-07-21,call,5,2026-07-31,104.58,85.46,-18.28,False
APLE,2026-07-21,call,1,2026-07-31,16.955,16.475,-2.83,False
APLE,2026-07-21,call,3,2026-07-31,16.955,16.475,-2.83,False
APLE,2026-07-21,call,5,2026-07-31,16.955,16.475,-2.83,False
ONDS,2026-07-21,call,1,2026-07-31,7.65,7.37,-3.66,False
ONDS,2026-07-21,call,3,2026-07-31,7.65,7.37,-3.66,False
ONDS,2026-07-21,call,5,2026-07-31,7.65,7.37,-3.66,False
ABG,2026-07-22,call,1,2026-07-31,221.02,229.23,3.71,True
ABG,2026-07-22,call,3,2026-07-31,221.02,229.23,3.71,True
ABG,2026-07-22,call,5,2026-07-31,221.02,229.23,3.71,True
RSI,2026-07-22,put,1,2026-07-31,31.905,27.46,-13.93,True
RSI,2026-07-22,put,3,2026-07-31,31.905,27.46,-13.93,True
RSI,2026-07-22,put,5,2026-07-31,31.905,27.46,-13.93,True
FCF,2026-07-22,call,1,2026-07-31,20.8,21.38,2.79,True
FCF,2026-07-22,call,3,2026-07-31,20.8,21.38,2.79,True
FCF,2026-07-22,call,5,2026-07-31,20.8,21.38,2.79,True
UTI,2026-07-22,call,1,2026-07-31,35.63,40.185,12.78,True
UTI,2026-07-22,call,3,2026-07-31,35.63,40.185,12.78,True
UTI,2026-07-22,call,5,2026-07-31,35.63,40.185,12.78,True
RRR,2026-07-22,put,1,2026-07-31,64.08,64.52,0.69,False
RRR,2026-07-22,put,3,2026-07-31,64.08,64.52,0.69,False
RRR,2026-07-22,put,5,2026-07-31,64.08,64.52,0.69,False
APAM,2026-07-22,call,1,2026-07-31,39.115,39.17,0.14,True
APAM,2026-07-22,call,3,2026-07-31,39.115,39.17,0.14,True
APAM,2026-07-22,call,5,2026-07-31,39.115,39.17,0.14,True
ONDS,2026-07-22,call,1,2026-07-31,8.4413,7.37,-12.69,False
ONDS,2026-07-22,call,3,2026-07-31,8.4413,7.37,-12.69,False
ONDS,2026-07-22,call,5,2026-07-31,8.4413,7.37,-12.69,False
IMVT,2026-07-22,call,1,2026-07-31,39.155,38.54,-1.57,False
IMVT,2026-07-22,call,3,2026-07-31,39.155,38.54,-1.57,False
IMVT,2026-07-22,call,5,2026-07-31,39.155,38.54,-1.57,False
LQDA,2026-07-22,call,1,2026-07-31,84.81,86.15,1.58,True
LQDA,2026-07-22,call,3,2026-07-31,84.81,86.15,1.58,True
LQDA,2026-07-22,call,5,2026-07-31,84.81,86.15,1.58,True
VAC,2026-07-22,put,1,2026-07-31,98.12,98.11,-0.01,True
VAC,2026-07-22,put,3,2026-07-31,98.12,98.11,-0.01,True
VAC,2026-07-22,put,5,2026-07-31,98.12,98.11,-0.01,True
MANE,2026-07-22,put,1,2026-07-31,113.07,106.61,-5.71,True
MANE,2026-07-22,put,3,2026-07-31,113.07,106.61,-5.71,True
MANE,2026-07-22,put,5,2026-07-31,113.07,106.61,-5.71,True
PRM,2026-07-22,call,1,2026-07-31,34.75,30.755,-11.5,False
PRM,2026-07-22,call,3,2026-07-31,34.75,30.755,-11.5,False
PRM,2026-07-22,call,5,2026-07-31,34.75,30.755,-11.5,False
IDYA,2026-07-22,call,1,2026-07-31,35.3,35.695,1.12,True
IDYA,2026-07-22,call,3,2026-07-31,35.3,35.695,1.12,True
IDYA,2026-07-22,call,5,2026-07-31,35.3,35.695,1.12,True
SFNC,2026-07-22,call,1,2026-07-31,22.935,23.565,2.75,True
SFNC,2026-07-22,call,3,2026-07-31,22.935,23.565,2.75,True
SFNC,2026-07-22,call,5,2026-07-31,22.935,23.565,2.75,True
SGHC,2026-07-22,call,1,2026-07-31,14.855,14.1,-5.08,False
SGHC,2026-07-22,call,3,2026-07-31,14.855,14.1,-5.08,False
SGHC,2026-07-22,call,5,2026-07-31,14.855,14.1,-5.08,False
FCF,2026-07-23,call,1,2026-07-31,20.5809,21.38,3.88,True
FCF,2026-07-23,call,3,2026-07-31,20.5809,21.38,3.88,True
FCF,2026-07-23,call,5,2026-07-31,20.5809,21.38,3.88,True
ABG,2026-07-23,call,1,2026-07-31,220.8,229.23,3.82,True
ABG,2026-07-23,call,3,2026-07-31,220.8,229.23,3.82,True
ABG,2026-07-23,call,5,2026-07-31,220.8,229.23,3.82,True
APAM,2026-07-23,call,1,2026-07-31,38.63,39.17,1.4,True
APAM,2026-07-23,call,3,2026-07-31,38.63,39.17,1.4,True
APAM,2026-07-23,call,5,2026-07-31,38.63,39.17,1.4,True
UFPI,2026-07-23,put,1,2026-07-31,85.98,86.35,0.43,False
UFPI,2026-07-23,put,3,2026-07-31,85.98,86.35,0.43,False
UFPI,2026-07-23,put,5,2026-07-31,85.98,86.35,0.43,False
IMVT,2026-07-23,call,1,2026-07-31,39.445,38.54,-2.29,False
IMVT,2026-07-23,call,3,2026-07-31,39.445,38.54,-2.29,False
IMVT,2026-07-23,call,5,2026-07-31,39.445,38.54,-2.29,False
AUB,2026-07-23,call,1,2026-07-31,41.76,42.41,1.56,True
AUB,2026-07-23,call,3,2026-07-31,41.76,42.41,1.56,True
AUB,2026-07-23,call,5,2026-07-31,41.76,42.41,1.56,True
RRR,2026-07-23,put,1,2026-07-31,62.78,64.52,2.77,False
RRR,2026-07-23,put,3,2026-07-31,62.78,64.52,2.77,False
RRR,2026-07-23,put,5,2026-07-31,62.78,64.52,2.77,False
PRM,2026-07-23,call,1,2026-07-31,34.005,30.755,-9.56,False
PRM,2026-07-23,call,3,2026-07-31,34.005,30.755,-9.56,False
PRM,2026-07-23,call,5,2026-07-31,34.005,30.755,-9.56,False
OPEN,2026-07-23,call,1,2026-07-31,3.895,3.83,-1.67,False
OPEN,2026-07-23,call,3,2026-07-31,3.895,3.83,-1.67,False
OPEN,2026-07-23,call,5,2026-07-31,3.895,3.83,-1.67,False
VAC,2026-07-23,put,1,2026-07-31,93.04,98.11,5.45,False
VAC,2026-07-23,put,3,2026-07-31,93.04,98.11,5.45,False
VAC,2026-07-23,put,5,2026-07-31,93.04,98.11,5.45,False
SFNC,2026-07-23,call,1,2026-07-31,22.815,23.565,3.29,True
SFNC,2026-07-23,call,3,2026-07-31,22.815,23.565,3.29,True
SFNC,2026-07-23,call,5,2026-07-31,22.815,23.565,3.29,True
TRMK,2026-07-23,call,1,2026-07-31,45.76,47.46,3.72,True
TRMK,2026-07-23,call,3,2026-07-31,45.76,47.46,3.72,True
TRMK,2026-07-23,call,5,2026-07-31,45.76,47.46,3.72,True
ELVN,2026-07-23,put,1,2026-07-31,52.87,55.37,4.73,False
ELVN,2026-07-23,put,3,2026-07-31,52.87,55.37,4.73,False
ELVN,2026-07-23,put,5,2026-07-31,52.87,55.37,4.73,False
URBN,2026-07-23,put,1,2026-07-31,70.04,74.77,6.75,False
URBN,2026-07-23,put,3,2026-07-31,70.04,74.77,6.75,False
URBN,2026-07-23,put,5,2026-07-31,70.04,74.77,6.75,False
AIN,2026-07-23,put,1,2026-07-31,74.155,74.525,0.5,False
AIN,2026-07-23,put,3,2026-07-31,74.155,74.525,0.5,False
AIN,2026-07-23,put,5,2026-07-31,74.155,74.525,0.5,False
FCF,2026-07-24,call,1,2026-07-31,20.995,21.38,1.83,True
FCF,2026-07-24,call,3,2026-07-31,20.995,21.38,1.83,True
FCF,2026-07-24,call,5,2026-07-31,20.995,21.38,1.83,True
ACMR,2026-07-24,call,1,2026-07-31,86.005,80.19,-6.76,False
ACMR,2026-07-24,call,3,2026-07-31,86.005,80.19,-6.76,False
ACMR,2026-07-24,call,5,2026-07-31,86.005,80.19,-6.76,False
HIW,2026-07-24,call,1,2026-07-31,33.695,33.245,-1.34,False
HIW,2026-07-24,call,3,2026-07-31,33.695,33.245,-1.34,False
HIW,2026-07-24,call,5,2026-07-31,33.695,33.245,-1.34,False
TTAN,2026-07-24,put,1,2026-07-31,70.205,82.835,17.99,False
TTAN,2026-07-24,put,3,2026-07-31,70.205,82.835,17.99,False
TTAN,2026-07-24,put,5,2026-07-31,70.205,82.835,17.99,False
VSXY,2026-07-24,put,1,2026-07-31,84.36,89.36,5.93,False
VSXY,2026-07-24,put,3,2026-07-31,84.36,89.36,5.93,False
VSXY,2026-07-24,put,5,2026-07-31,84.36,89.36,5.93,False
DCO,2026-07-24,call,1,2026-07-31,176.06,182.025,3.39,True
DCO,2026-07-24,call,3,2026-07-31,176.06,182.025,3.39,True
DCO,2026-07-24,call,5,2026-07-31,176.06,182.025,3.39,True
ABG,2026-07-24,call,1,2026-07-31,226.53,229.23,1.19,True
ABG,2026-07-24,call,3,2026-07-31,226.53,229.23,1.19,True
ABG,2026-07-24,call,5,2026-07-31,226.53,229.23,1.19,True
IMVT,2026-07-24,call,1,2026-07-31,39.27,38.54,-1.86,False
IMVT,2026-07-24,call,3,2026-07-31,39.27,38.54,-1.86,False
IMVT,2026-07-24,call,5,2026-07-31,39.27,38.54,-1.86,False
RRR,2026-07-24,put,1,2026-07-31,63.64,64.52,1.38,False
RRR,2026-07-24,put,3,2026-07-31,63.64,64.52,1.38,False
RRR,2026-07-24,put,5,2026-07-31,63.64,64.52,1.38,False
SFNC,2026-07-24,call,1,2026-07-31,23.35,23.565,0.92,True
SFNC,2026-07-24,call,3,2026-07-31,23.35,23.565,0.92,True
SFNC,2026-07-24,call,5,2026-07-31,23.35,23.565,0.92,True
DIOD,2026-07-24,call,1,2026-07-31,88.79,83.305,-6.18,False
DIOD,2026-07-24,call,3,2026-07-31,88.79,83.305,-6.18,False
DIOD,2026-07-24,call,5,2026-07-31,88.79,83.305,-6.18,False
VAC,2026-07-24,put,1,2026-07-31,95.36,98.11,2.88,False
VAC,2026-07-24,put,3,2026-07-31,95.36,98.11,2.88,False
VAC,2026-07-24,put,5,2026-07-31,95.36,98.11,2.88,False
ELVN,2026-07-24,put,1,2026-07-31,53.13,55.37,4.22,False
ELVN,2026-07-24,put,3,2026-07-31,53.13,55.37,4.22,False
ELVN,2026-07-24,put,5,2026-07-31,53.13,55.37,4.22,False
AIN,2026-07-24,put,1,2026-07-31,75.915,74.525,-1.83,True
AIN,2026-07-24,put,3,2026-07-31,75.915,74.525,-1.83,True
AIN,2026-07-24,put,5,2026-07-31,75.915,74.525,-1.83,True
IRT,2026-07-24,put,1,2026-07-31,16.55,16.635,0.51,False
IRT,2026-07-24,put,3,2026-07-31,16.55,16.635,0.51,False
IRT,2026-07-24,put,5,2026-07-31,16.55,16.635,0.51,False
HRI,2026-07-27,call,1,2026-07-31,158.87,150.035,-5.56,False
HRI,2026-07-27,call,3,2026-07-31,158.87,150.035,-5.56,False
FCF,2026-07-27,call,1,2026-07-31,20.995,21.38,1.83,True
FCF,2026-07-27,call,3,2026-07-31,20.995,21.38,1.83,True
PRDO,2026-07-27,call,1,2026-07-31,31.8,31.495,-0.96,False
PRDO,2026-07-27,call,3,2026-07-31,31.8,31.495,-0.96,False
KNSA,2026-07-27,call,1,2026-07-31,64.68,75.0,15.96,True
KNSA,2026-07-27,call,3,2026-07-31,64.68,75.0,15.96,True
JBLU,2026-07-27,call,1,2026-07-31,5.42,6.04,11.44,True
JBLU,2026-07-27,call,3,2026-07-31,5.42,6.04,11.44,True
QBTS,2026-07-27,call,1,2026-07-31,18.8001,18.295,-2.69,False
QBTS,2026-07-27,call,3,2026-07-31,18.8001,18.295,-2.69,False
XENE,2026-07-27,put,1,2026-07-31,65.685,63.34,-3.57,True
XENE,2026-07-27,put,3,2026-07-31,65.685,63.34,-3.57,True
MMSI,2026-07-27,call,1,2026-07-31,76.36,85.62,12.13,True
MMSI,2026-07-27,call,3,2026-07-31,76.36,85.62,12.13,True
LAUR,2026-07-27,call,1,2026-07-31,37.5,38.29,2.11,True
LAUR,2026-07-27,call,3,2026-07-31,37.5,38.29,2.11,True
CIFR,2026-07-27,call,1,2026-07-31,21.015,23.02,9.54,True
CIFR,2026-07-27,call,3,2026-07-31,21.015,23.02,9.54,True
FCFS,2026-07-27,call,1,2026-07-31,202.465,203.95,0.73,True
FCFS,2026-07-27,call,3,2026-07-31,202.465,203.95,0.73,True
GKOS,2026-07-27,put,1,2026-07-31,150.225,167.075,11.22,False
GKOS,2026-07-27,put,3,2026-07-31,150.225,167.075,11.22,False
RGTI,2026-07-27,call,1,2026-07-31,15.0801,15.015,-0.43,False
RGTI,2026-07-27,call,3,2026-07-31,15.0801,15.015,-0.43,False
SOUN,2026-07-27,call,1,2026-07-31,6.38,6.135,-3.84,False
SOUN,2026-07-27,call,3,2026-07-31,6.38,6.135,-3.84,False
SFNC,2026-07-27,call,1,2026-07-31,23.075,23.565,2.12,True
SFNC,2026-07-27,call,3,2026-07-31,23.075,23.565,2.12,True
APAM,2026-07-28,call,1,2026-07-31,41.13,39.17,-4.77,False
APAM,2026-07-28,call,3,2026-07-31,41.13,39.17,-4.77,False
BWIN,2026-07-28,call,1,2026-07-31,28.505,27.97,-1.88,False
BWIN,2026-07-28,call,3,2026-07-31,28.505,27.97,-1.88,False
BIPC,2026-07-28,call,1,2026-07-31,41.93,42.23,0.72,True
BIPC,2026-07-28,call,3,2026-07-31,41.93,42.23,0.72,True
FCF,2026-07-28,call,1,2026-07-31,21.355,21.38,0.12,True
FCF,2026-07-28,call,3,2026-07-31,21.355,21.38,0.12,True
LTH,2026-07-28,put,1,2026-07-31,44.92,44.98,0.13,False
LTH,2026-07-28,put,3,2026-07-31,44.92,44.98,0.13,False
CAKE,2026-07-28,call,1,2026-07-31,87.545,102.695,17.31,True
CAKE,2026-07-28,call,3,2026-07-31,87.545,102.695,17.31,True
FLY,2026-07-28,call,1,2026-07-31,19.045,19.805,3.99,True
FLY,2026-07-28,call,3,2026-07-31,19.045,19.805,3.99,True
CVLT,2026-07-28,put,1,2026-07-31,126.015,115.35,-8.46,True
CVLT,2026-07-28,put,3,2026-07-31,126.015,115.35,-8.46,True
LAUR,2026-07-28,call,1,2026-07-31,37.2,38.29,2.93,True
LAUR,2026-07-28,call,3,2026-07-31,37.2,38.29,2.93,True
SFNC,2026-07-28,call,1,2026-07-31,23.39,23.565,0.75,True
SFNC,2026-07-28,call,3,2026-07-31,23.39,23.565,0.75,True
TRMK,2026-07-28,call,1,2026-07-31,47.04,47.46,0.89,True
TRMK,2026-07-28,call,3,2026-07-31,47.04,47.46,0.89,True
VAC,2026-07-28,put,1,2026-07-31,99.345,98.11,-1.24,True
VAC,2026-07-28,put,3,2026-07-31,99.345,98.11,-1.24,True
ZWS,2026-07-28,call,1,2026-07-31,49.025,50.75,3.52,True
ZWS,2026-07-28,call,3,2026-07-31,49.025,50.75,3.52,True
AIN,2026-07-28,put,1,2026-07-31,76.32,74.525,-2.35,True
AIN,2026-07-28,put,3,2026-07-31,76.32,74.525,-2.35,True
ROG,2026-07-28,call,1,2026-07-31,120.545,124.83,3.55,True
ROG,2026-07-28,call,3,2026-07-31,120.545,124.83,3.55,True
FCF,2026-07-29,call,1,2026-07-31,22.145,21.38,-3.45,False
ALMS,2026-07-29,call,1,2026-07-31,26.08,28.205,8.15,True
ABG,2026-07-29,call,1,2026-07-31,252.62,229.23,-9.26,False
MRCY,2026-07-29,put,1,2026-07-31,91.92,97.16,5.7,False
CLOV,2026-07-29,put,1,2026-07-31,4.235,4.27,0.83,False
MC,2026-07-29,call,1,2026-07-31,65.6101,67.23,2.47,True
CVLT,2026-07-29,put,1,2026-07-31,120.68,115.35,-4.42,True
GKOS,2026-07-29,put,1,2026-07-31,156.73,167.075,6.6,False
LTH,2026-07-29,call,1,2026-07-31,46.08,44.98,-2.39,False
ONB,2026-07-29,call,1,2026-07-31,26.78,26.485,-1.1,False
ELVN,2026-07-29,put,1,2026-07-31,52.68,55.37,5.11,False
SFNC,2026-07-29,call,1,2026-07-31,23.425,23.565,0.6,True
VAC,2026-07-29,put,1,2026-07-31,101.595,98.11,-3.43,True
ZWS,2026-07-29,call,1,2026-07-31,51.615,50.75,-1.68,False
AIN,2026-07-29,put,1,2026-07-31,73.055,74.525,2.01,False
DYN,2026-07-30,put,1,2026-07-31,25.14,24.965,-0.7,True
PBF,2026-07-30,call,1,2026-07-31,73.94,72.05,-2.56,False
PHIN,2026-07-30,put,1,2026-07-31,68.495,74.07,8.14,False
FCPT,2026-07-30,put,1,2026-07-31,25.35,25.31,-0.16,True
ACMR,2026-07-30,call,1,2026-07-31,77.015,80.19,4.12,True
ABG,2026-07-30,call,1,2026-07-31,236.34,229.23,-3.01,False
CAKE,2026-07-30,call,1,2026-07-31,100.03,102.695,2.66,True
MRCY,2026-07-30,put,1,2026-07-31,94.82,97.16,2.47,False
GKOS,2026-07-30,put,1,2026-07-31,170.48,167.075,-2.0,True
VSEC,2026-07-30,put,1,2026-07-31,186.95,194.3,3.93,False
RLAY,2026-07-30,call,1,2026-07-31,19.3,18.95,-1.81,False
ELVN,2026-07-30,put,1,2026-07-31,54.0,55.37,2.54,False
CVLT,2026-07-30,put,1,2026-07-31,116.47,115.35,-0.96,True
SFNC,2026-07-30,call,1,2026-07-31,23.528,23.565,0.16,True
WERN,2026-07-30,call,1,2026-07-31,37.15,37.77,1.67,True
CALX,2026-07-20,call,10,2026-08-05,39.14,38.15,-2.53,False
ACHR,2026-07-20,call,10,2026-08-05,5.225,5.2,-0.48,False
MMSI,2026-07-20,call,10,2026-08-05,75.265,87.085,15.7,True
ASTH,2026-07-20,call,10,2026-08-05,45.23,36.24,-19.88,False
FCF,2026-07-20,call,10,2026-08-05,20.905,21.745,4.02,True
CIFR,2026-07-20,put,10,2026-08-05,20.695,19.1801,-7.32,True
TTAN,2026-07-20,call,10,2026-08-05,80.29,86.4,7.61,True
IMVT,2026-07-20,call,10,2026-08-05,39.89,39.12,-1.93,False
SLS,2026-07-20,call,10,2026-08-05,12.27,11.82,-3.67,False
ELVN,2026-07-20,put,10,2026-08-05,52.03,58.81,13.03,False
TMHC,2026-07-20,call,10,2026-08-05,72.45,72.45,0.0,False
HUT,2026-07-20,call,10,2026-08-05,99.79,94.91,-4.89,False
BULL,2026-07-20,call,10,2026-08-05,7.635,7.4717,-2.14,False
IDYA,2026-07-20,call,10,2026-08-05,35.83,36.415,1.63,True
PRM,2026-07-20,call,10,2026-08-05,35.51,34.92,-1.66,False
SBRA,2026-07-21,call,10,2026-08-05,21.75,20.785,-4.44,False
FCF,2026-07-21,call,10,2026-08-05,20.84,21.745,4.34,True
LBRT,2026-07-21,call,10,2026-08-05,24.95,19.52,-21.76,False
RSI,2026-07-21,put,10,2026-08-05,33.8,26.95,-20.27,True
APAM,2026-07-21,call,10,2026-08-05,39.28,42.82,9.01,True
CALX,2026-07-21,put,10,2026-08-05,35.34,38.15,7.95,False
IMVT,2026-07-21,call,10,2026-08-05,39.73,39.12,-1.54,False
TNGX,2026-07-21,call,10,2026-08-05,29.06,29.1,0.14,True
JOBY,2026-07-21,call,10,2026-08-05,7.725,7.845,1.55,True
ACHR,2026-07-21,call,10,2026-08-05,5.3099,5.2,-2.07,False
BULL,2026-07-21,call,10,2026-08-05,8.19,7.4717,-8.77,False
XMTR,2026-07-21,call,10,2026-08-05,104.58,92.18,-11.86,False
APLE,2026-07-21,call,10,2026-08-05,16.955,16.52,-2.57,False
ONDS,2026-07-21,call,10,2026-08-05,7.65,8.9582,17.1,True
ABG,2026-07-22,call,10,2026-08-05,221.02,220.4,-0.28,False
RSI,2026-07-22,put,10,2026-08-05,31.905,26.95,-15.53,True
FCF,2026-07-22,call,10,2026-08-05,20.8,21.745,4.54,True
UTI,2026-07-22,call,10,2026-08-05,35.63,41.74,17.15,True
RRR,2026-07-22,put,10,2026-08-05,64.08,62.48,-2.5,True
APAM,2026-07-22,call,10,2026-08-05,39.115,42.82,9.47,True
ONDS,2026-07-22,call,10,2026-08-05,8.4413,8.9582,6.12,True
IMVT,2026-07-22,call,10,2026-08-05,39.155,39.12,-0.09,False
LQDA,2026-07-22,call,10,2026-08-05,84.81,90.18,6.33,True
VAC,2026-07-22,put,10,2026-08-05,98.12,100.655,2.58,False
MANE,2026-07-22,put,10,2026-08-05,113.07,111.01,-1.82,True
PRM,2026-07-22,call,10,2026-08-05,34.75,34.92,0.49,True
IDYA,2026-07-22,call,10,2026-08-05,35.3,36.415,3.16,True
SFNC,2026-07-22,call,10,2026-08-05,22.935,24.085,5.01,True
SGHC,2026-07-22,call,10,2026-08-05,14.855,13.255,-10.77,False
HRI,2026-07-27,call,5,2026-08-05,158.87,169.46,6.67,True
FCF,2026-07-27,call,5,2026-08-05,20.995,21.745,3.57,True
PRDO,2026-07-27,call,5,2026-08-05,31.8,32.87,3.36,True
KNSA,2026-07-27,call,5,2026-08-05,64.68,77.86,20.38,True
JBLU,2026-07-27,call,5,2026-08-05,5.42,6.4,18.08,True
QBTS,2026-07-27,call,5,2026-08-05,18.8001,21.44,14.04,True
XENE,2026-07-27,put,5,2026-08-05,65.685,64.17,-2.31,True
MMSI,2026-07-27,call,5,2026-08-05,76.36,87.085,14.05,True
LAUR,2026-07-27,call,5,2026-08-05,37.5,38.165,1.77,True
CIFR,2026-07-27,call,5,2026-08-05,21.015,19.1801,-8.73,False
FCFS,2026-07-27,call,5,2026-08-05,202.465,210.42,3.93,True
GKOS,2026-07-27,put,5,2026-08-05,150.225,169.78,13.02,False
RGTI,2026-07-27,call,5,2026-08-05,15.0801,16.875,11.9,True
SOUN,2026-07-27,call,5,2026-08-05,6.38,6.465,1.33,True
SFNC,2026-07-27,call,5,2026-08-05,23.075,24.085,4.38,True
APAM,2026-07-28,call,5,2026-08-05,41.13,42.82,4.11,True
BWIN,2026-07-28,call,5,2026-08-05,28.505,28.91,1.42,True
BIPC,2026-07-28,call,5,2026-08-05,41.93,40.36,-3.74,False
FCF,2026-07-28,call,5,2026-08-05,21.355,21.745,1.83,True
LTH,2026-07-28,put,5,2026-08-05,44.92,44.9302,0.02,False
CAKE,2026-07-28,call,5,2026-08-05,87.545,105.845,20.9,True
FLY,2026-07-28,call,5,2026-08-05,19.045,22.75,19.45,True
CVLT,2026-07-28,put,5,2026-08-05,126.015,133.13,5.65,False
LAUR,2026-07-28,call,5,2026-08-05,37.2,38.165,2.59,True
SFNC,2026-07-28,call,5,2026-08-05,23.39,24.085,2.97,True
TRMK,2026-07-28,call,5,2026-08-05,47.04,48.45,3.0,True
VAC,2026-07-28,put,5,2026-08-05,99.345,100.655,1.32,False
ZWS,2026-07-28,call,5,2026-08-05,49.025,52.89,7.88,True
AIN,2026-07-28,put,5,2026-08-05,76.32,62.3201,-18.34,True
ROG,2026-07-28,call,5,2026-08-05,120.545,132.8,10.17,True
FCF,2026-07-29,call,3,2026-08-05,22.145,21.745,-1.81,False
FCF,2026-07-29,call,5,2026-08-05,22.145,21.745,-1.81,False
ALMS,2026-07-29,call,3,2026-08-05,26.08,27.24,4.45,True
ALMS,2026-07-29,call,5,2026-08-05,26.08,27.24,4.45,True
ABG,2026-07-29,call,3,2026-08-05,252.62,220.4,-12.75,False
ABG,2026-07-29,call,5,2026-08-05,252.62,220.4,-12.75,False
MRCY,2026-07-29,put,3,2026-08-05,91.92,109.68,19.32,False
MRCY,2026-07-29,put,5,2026-08-05,91.92,109.68,19.32,False
CLOV,2026-07-29,put,3,2026-08-05,4.235,4.225,-0.24,True
CLOV,2026-07-29,put,5,2026-08-05,4.235,4.225,-0.24,True
MC,2026-07-29,call,3,2026-08-05,65.6101,69.48,5.9,True
MC,2026-07-29,call,5,2026-08-05,65.6101,69.48,5.9,True
CVLT,2026-07-29,put,3,2026-08-05,120.68,133.13,10.32,False
CVLT,2026-07-29,put,5,2026-08-05,120.68,133.13,10.32,False
GKOS,2026-07-29,put,3,2026-08-05,156.73,169.78,8.33,False
GKOS,2026-07-29,put,5,2026-08-05,156.73,169.78,8.33,False
LTH,2026-07-29,call,3,2026-08-05,46.08,44.9302,-2.5,False
LTH,2026-07-29,call,5,2026-08-05,46.08,44.9302,-2.5,False
ONB,2026-07-29,call,3,2026-08-05,26.78,27.03,0.93,True
ONB,2026-07-29,call,5,2026-08-05,26.78,27.03,0.93,True
ELVN,2026-07-29,put,3,2026-08-05,52.68,58.81,11.64,False
ELVN,2026-07-29,put,5,2026-08-05,52.68,58.81,11.64,False
SFNC,2026-07-29,call,3,2026-08-05,23.425,24.085,2.82,True
SFNC,2026-07-29,call,5,2026-08-05,23.425,24.085,2.82,True
VAC,2026-07-29,put,3,2026-08-05,101.595,100.655,-0.93,True
VAC,2026-07-29,put,5,2026-08-05,101.595,100.655,-0.93,True
ZWS,2026-07-29,call,3,2026-08-05,51.615,52.89,2.47,True
ZWS,2026-07-29,call,5,2026-08-05,51.615,52.89,2.47,True
AIN,2026-07-29,put,3,2026-08-05,73.055,62.3201,-14.69,True
AIN,2026-07-29,put,5,2026-08-05,73.055,62.3201,-14.69,True
DYN,2026-07-30,put,3,2026-08-05,25.14,26.42,5.09,False
PBF,2026-07-30,call,3,2026-08-05,73.94,62.4,-15.61,False
PHIN,2026-07-30,put,3,2026-08-05,68.495,78.76,14.99,False
FCPT,2026-07-30,put,3,2026-08-05,25.35,25.055,-1.16,True
ACMR,2026-07-30,call,3,2026-08-05,77.015,81.35,5.63,True
ABG,2026-07-30,call,3,2026-08-05,236.34,220.4,-6.74,False
CAKE,2026-07-30,call,3,2026-08-05,100.03,105.845,5.81,True
MRCY,2026-07-30,put,3,2026-08-05,94.82,109.68,15.67,False
GKOS,2026-07-30,put,3,2026-08-05,170.48,169.78,-0.41,True
VSEC,2026-07-30,put,3,2026-08-05,186.95,215.03,15.02,False
RLAY,2026-07-30,call,3,2026-08-05,19.3,19.47,0.88,True
ELVN,2026-07-30,put,3,2026-08-05,54.0,58.81,8.91,False
CVLT,2026-07-30,put,3,2026-08-05,116.47,133.13,14.3,False
SFNC,2026-07-30,call,3,2026-08-05,23.528,24.085,2.37,True
WERN,2026-07-30,call,3,2026-08-05,37.15,38.315,3.14,True
ALMS,2026-07-31,call,1,2026-08-05,28.135,27.24,-3.18,False
ALMS,2026-07-31,call,3,2026-08-05,28.135,27.24,-3.18,False
WERN,2026-07-31,call,1,2026-08-05,37.77,38.315,1.44,True
WERN,2026-07-31,call,3,2026-08-05,37.77,38.315,1.44,True
AMBA,2026-07-31,call,1,2026-08-05,87.145,83.0287,-4.72,False
AMBA,2026-07-31,call,3,2026-08-05,87.145,83.0287,-4.72,False
AXTI,2026-07-31,call,1,2026-08-05,61.26,72.89,18.98,True
AXTI,2026-07-31,call,3,2026-08-05,61.26,72.89,18.98,True
WHD,2026-07-31,call,1,2026-08-05,64.225,66.655,3.78,True
WHD,2026-07-31,call,3,2026-08-05,64.225,66.655,3.78,True
TVTX,2026-07-31,call,1,2026-08-05,55.895,61.84,10.64,True
TVTX,2026-07-31,call,3,2026-08-05,55.895,61.84,10.64,True
ACMR,2026-07-31,call,1,2026-08-05,80.19,81.35,1.45,True
ACMR,2026-07-31,call,3,2026-08-05,80.19,81.35,1.45,True
VSEC,2026-07-31,put,1,2026-08-05,194.3,215.03,10.67,False
VSEC,2026-07-31,put,3,2026-08-05,194.3,215.03,10.67,False
NEOG,2026-07-31,call,1,2026-08-05,11.97,11.595,-3.13,False
NEOG,2026-07-31,call,3,2026-08-05,11.97,11.595,-3.13,False
SFNC,2026-07-31,call,1,2026-08-05,23.565,24.085,2.21,True
SFNC,2026-07-31,call,3,2026-08-05,23.565,24.085,2.21,True
CVLT,2026-07-31,put,1,2026-08-05,115.35,133.13,15.41,False
CVLT,2026-07-31,put,3,2026-08-05,115.35,133.13,15.41,False
VAC,2026-07-31,put,1,2026-08-05,98.11,100.655,2.59,False
VAC,2026-07-31,put,3,2026-08-05,98.11,100.655,2.59,False
ELVN,2026-07-31,put,1,2026-08-05,55.36,58.81,6.23,False
ELVN,2026-07-31,put,3,2026-08-05,55.36,58.81,6.23,False
HOMB,2026-07-31,call,1,2026-08-05,30.94,31.295,1.15,True
HOMB,2026-07-31,call,3,2026-08-05,30.94,31.295,1.15,True
IRT,2026-07-31,put,1,2026-08-05,16.625,17.05,2.56,False
IRT,2026-07-31,put,3,2026-08-05,16.625,17.05,2.56,False
BWIN,2026-08-03,call,1,2026-08-05,29.06,28.91,-0.52,False
MRCY,2026-08-03,call,1,2026-08-05,105.04,109.68,4.42,True
OPLN,2026-08-03,call,1,2026-08-05,40.84,38.92,-4.7,False
TMDX,2026-08-03,put,1,2026-08-05,81.355,75.13,-7.65,True
FLYW,2026-08-03,put,1,2026-08-05,16.405,18.26,11.31,False
LRN,2026-08-03,put,1,2026-08-05,80.67,82.605,2.4,False
ESTA,2026-08-03,call,1,2026-08-05,93.04,92.84,-0.21,False
DNTH,2026-08-03,call,1,2026-08-05,104.58,110.295,5.46,True
WRBY,2026-08-03,call,1,2026-08-05,28.32,28.75,1.52,True
ATKR,2026-08-03,call,1,2026-08-05,93.4,93.66,0.28,True
AXTI,2026-08-03,call,1,2026-08-05,69.59,72.89,4.74,True
SMR,2026-08-03,call,1,2026-08-05,8.93,9.375,4.98,True
UPST,2026-08-03,call,1,2026-08-05,29.5468,30.915,4.63,True
USAR,2026-08-03,call,1,2026-08-05,15.855,17.285,9.02,True
ELVN,2026-08-03,call,1,2026-08-05,58.85,58.81,-0.07,False
TDC,2026-08-04,put,1,2026-08-05,34.615,27.045,-21.87,True
IBP,2026-08-04,put,1,2026-08-05,237.95,242.645,1.97,False
CGON,2026-08-04,call,1,2026-08-05,72.18,72.19,0.01,True
ZETA,2026-08-04,call,1,2026-08-05,24.125,27.33,13.28,True
LUMN,2026-08-04,call,1,2026-08-05,6.795,6.045,-11.04,False
KLIC,2026-08-04,put,1,2026-08-05,93.83,95.77,2.07,False
CAKE,2026-08-04,put,1,2026-08-05,104.94,105.845,0.86,False
UEC,2026-08-04,call,1,2026-08-05,10.7139,10.665,-0.46,False
TDW,2026-08-04,call,1,2026-08-05,84.125,79.1575,-5.9,False
SHAK,2026-08-04,call,1,2026-08-05,65.605,71.8575,9.53,True
POWI,2026-08-04,call,1,2026-08-05,63.81,61.97,-2.88,False
WRBY,2026-08-04,call,1,2026-08-05,29.52,28.75,-2.61,False
UPST,2026-08-04,call,1,2026-08-05,30.58,30.915,1.1,True
CLOV,2026-08-04,put,1,2026-08-05,4.315,4.225,-2.09,True
ACA,2026-08-04,put,1,2026-08-05,145.415,145.28,-0.09,True
FCF,2026-07-23,call,10,2026-08-13,20.5809,21.73,5.58,True
ABG,2026-07-23,call,10,2026-08-13,220.8,209.92,-4.93,False
APAM,2026-07-23,call,10,2026-08-13,38.63,42.37,9.68,True
UFPI,2026-07-23,put,10,2026-08-13,85.98,93.05,8.22,False
IMVT,2026-07-23,call,10,2026-08-13,39.445,42.645,8.11,True
AUB,2026-07-23,call,10,2026-08-13,41.76,42.86,2.63,True
RRR,2026-07-23,put,10,2026-08-13,62.78,62.95,0.27,False
PRM,2026-07-23,call,10,2026-08-13,34.005,34.94,2.75,True
OPEN,2026-07-23,call,10,2026-08-13,3.895,3.4679,-10.97,False
VAC,2026-07-23,put,10,2026-08-13,93.04,121.5,30.59,False
SFNC,2026-07-23,call,10,2026-08-13,22.815,24.035,5.35,True
TRMK,2026-07-23,call,10,2026-08-13,45.76,48.47,5.92,True
ELVN,2026-07-23,put,10,2026-08-13,52.87,58.01,9.72,False
URBN,2026-07-23,put,10,2026-08-13,70.04,77.5,10.65,False
AIN,2026-07-23,put,10,2026-08-13,74.155,63.62,-14.21,True
FCF,2026-07-24,call,10,2026-08-13,20.995,21.73,3.5,True
ACMR,2026-07-24,call,10,2026-08-13,86.005,82.87,-3.65,False
HIW,2026-07-24,call,10,2026-08-13,33.695,31.91,-5.3,False
TTAN,2026-07-24,put,10,2026-08-13,70.205,91.715,30.64,False
VSXY,2026-07-24,put,10,2026-08-13,84.36,91.8053,8.83,False
DCO,2026-07-24,call,10,2026-08-13,176.06,201.15,14.25,True
ABG,2026-07-24,call,10,2026-08-13,226.53,209.92,-7.33,False
IMVT,2026-07-24,call,10,2026-08-13,39.27,42.645,8.59,True
RRR,2026-07-24,put,10,2026-08-13,63.64,62.95,-1.08,True
SFNC,2026-07-24,call,10,2026-08-13,23.35,24.035,2.93,True
DIOD,2026-07-24,call,10,2026-08-13,88.79,102.615,15.57,True
VAC,2026-07-24,put,10,2026-08-13,95.36,121.5,27.41,False
ELVN,2026-07-24,put,10,2026-08-13,53.13,58.01,9.19,False
AIN,2026-07-24,put,10,2026-08-13,75.915,63.62,-16.2,True
IRT,2026-07-24,put,10,2026-08-13,16.55,17.135,3.53,False
HRI,2026-07-27,call,10,2026-08-13,158.87,168.065,5.79,True
FCF,2026-07-27,call,10,2026-08-13,20.995,21.73,3.5,True
PRDO,2026-07-27,call,10,2026-08-13,31.8,31.74,-0.19,False
KNSA,2026-07-27,call,10,2026-08-13,64.68,78.725,21.71,True
JBLU,2026-07-27,call,10,2026-08-13,5.42,5.8716,8.33,True
QBTS,2026-07-27,call,10,2026-08-13,18.8001,21.345,13.54,True
XENE,2026-07-27,put,10,2026-08-13,65.685,64.7375,-1.44,True
MMSI,2026-07-27,call,10,2026-08-13,76.36,91.3,19.57,True
LAUR,2026-07-27,call,10,2026-08-13,37.5,37.82,0.85,True
CIFR,2026-07-27,call,10,2026-08-13,21.015,17.63,-16.11,False
FCFS,2026-07-27,call,10,2026-08-13,202.465,214.195,5.79,True
GKOS,2026-07-27,put,10,2026-08-13,150.225,187.335,24.7,False
RGTI,2026-07-27,call,10,2026-08-13,15.0801,18.93,25.53,True
SOUN,2026-07-27,call,10,2026-08-13,6.38,7.425,16.38,True
SFNC,2026-07-27,call,10,2026-08-13,23.075,24.035,4.16,True
APAM,2026-07-28,call,10,2026-08-13,41.13,42.37,3.01,True
BWIN,2026-07-28,call,10,2026-08-13,28.505,31.165,9.33,True
BIPC,2026-07-28,call,10,2026-08-13,41.93,40.22,-4.08,False
FCF,2026-07-28,call,10,2026-08-13,21.355,21.73,1.76,True
LTH,2026-07-28,put,10,2026-08-13,44.92,44.42,-1.11,True
CAKE,2026-07-28,call,10,2026-08-13,87.545,116.26,32.8,True
FLY,2026-07-28,call,10,2026-08-13,19.045,27.44,44.08,True
CVLT,2026-07-28,put,10,2026-08-13,126.015,144.825,14.93,False
LAUR,2026-07-28,call,10,2026-08-13,37.2,37.82,1.67,True
SFNC,2026-07-28,call,10,2026-08-13,23.39,24.035,2.76,True
TRMK,2026-07-28,call,10,2026-08-13,47.04,48.47,3.04,True
VAC,2026-07-28,put,10,2026-08-13,99.345,121.5,22.3,False
ZWS,2026-07-28,call,10,2026-08-13,49.025,51.14,4.31,True
AIN,2026-07-28,put,10,2026-08-13,76.32,63.62,-16.64,True
ROG,2026-07-28,call,10,2026-08-13,120.545,139.02,15.33,True
FCF,2026-07-29,call,10,2026-08-13,22.145,21.73,-1.87,False
ALMS,2026-07-29,call,10,2026-08-13,26.08,25.39,-2.65,False
ABG,2026-07-29,call,10,2026-08-13,252.62,209.92,-16.9,False
MRCY,2026-07-29,put,10,2026-08-13,91.92,109.55,19.18,False
CLOV,2026-07-29,put,10,2026-08-13,4.235,4.5701,7.91,False
MC,2026-07-29,call,10,2026-08-13,65.6101,66.755,1.75,True
CVLT,2026-07-29,put,10,2026-08-13,120.68,144.825,20.01,False
GKOS,2026-07-29,put,10,2026-08-13,156.73,187.335,19.53,False
LTH,2026-07-29,call,10,2026-08-13,46.08,44.42,-3.6,False
ONB,2026-07-29,call,10,2026-08-13,26.78,27.18,1.49,True
ELVN,2026-07-29,put,10,2026-08-13,52.68,58.01,10.12,False
SFNC,2026-07-29,call,10,2026-08-13,23.425,24.035,2.6,True
VAC,2026-07-29,put,10,2026-08-13,101.595,121.5,19.59,False
ZWS,2026-07-29,call,10,2026-08-13,51.615,51.14,-0.92,False
AIN,2026-07-29,put,10,2026-08-13,73.055,63.62,-12.91,True
DYN,2026-07-30,put,5,2026-08-13,25.14,26.39,4.97,False
DYN,2026-07-30,put,10,2026-08-13,25.14,26.39,4.97,False
PBF,2026-07-30,call,5,2026-08-13,73.94,69.77,-5.64,False
PBF,2026-07-30,call,10,2026-08-13,73.94,69.77,-5.64,False
PHIN,2026-07-30,put,5,2026-08-13,68.495,74.48,8.74,False
PHIN,2026-07-30,put,10,2026-08-13,68.495,74.48,8.74,False
FCPT,2026-07-30,put,5,2026-08-13,25.35,25.2799,-0.28,True
FCPT,2026-07-30,put,10,2026-08-13,25.35,25.2799,-0.28,True
ACMR,2026-07-30,call,5,2026-08-13,77.015,82.87,7.6,True
ACMR,2026-07-30,call,10,2026-08-13,77.015,82.87,7.6,True
ABG,2026-07-30,call,5,2026-08-13,236.34,209.92,-11.18,False
ABG,2026-07-30,call,10,2026-08-13,236.34,209.92,-11.18,False
CAKE,2026-07-30,call,5,2026-08-13,100.03,116.26,16.23,True
CAKE,2026-07-30,call,10,2026-08-13,100.03,116.26,16.23,True
MRCY,2026-07-30,put,5,2026-08-13,94.82,109.55,15.53,False
MRCY,2026-07-30,put,10,2026-08-13,94.82,109.55,15.53,False
GKOS,2026-07-30,put,5,2026-08-13,170.48,187.335,9.89,False
GKOS,2026-07-30,put,10,2026-08-13,170.48,187.335,9.89,False
VSEC,2026-07-30,put,5,2026-08-13,186.95,237.735,27.17,False
VSEC,2026-07-30,put,10,2026-08-13,186.95,237.735,27.17,False
RLAY,2026-07-30,call,5,2026-08-13,19.3,20.065,3.96,True
RLAY,2026-07-30,call,10,2026-08-13,19.3,20.065,3.96,True
ELVN,2026-07-30,put,5,2026-08-13,54.0,58.01,7.43,False
ELVN,2026-07-30,put,10,2026-08-13,54.0,58.01,7.43,False
CVLT,2026-07-30,put,5,2026-08-13,116.47,144.825,24.35,False
CVLT,2026-07-30,put,10,2026-08-13,116.47,144.825,24.35,False
SFNC,2026-07-30,call,5,2026-08-13,23.528,24.035,2.15,True
SFNC,2026-07-30,call,10,2026-08-13,23.528,24.035,2.15,True
WERN,2026-07-30,call,5,2026-08-13,37.15,38.4825,3.59,True
WERN,2026-07-30,call,10,2026-08-13,37.15,38.4825,3.59,True
ALMS,2026-07-31,call,5,2026-08-13,28.135,25.39,-9.76,False
WERN,2026-07-31,call,5,2026-08-13,37.77,38.4825,1.89,True
AMBA,2026-07-31,call,5,2026-08-13,87.145,83.54,-4.14,False
AXTI,2026-07-31,call,5,2026-08-13,61.26,78.25,27.73,True
WHD,2026-07-31,call,5,2026-08-13,64.225,71.85,11.87,True
TVTX,2026-07-31,call,5,2026-08-13,55.895,61.62,10.24,True
ACMR,2026-07-31,call,5,2026-08-13,80.19,82.87,3.34,True
VSEC,2026-07-31,put,5,2026-08-13,194.3,237.735,22.35,False
NEOG,2026-07-31,call,5,2026-08-13,11.97,11.68,-2.42,False
SFNC,2026-07-31,call,5,2026-08-13,23.565,24.035,1.99,True
CVLT,2026-07-31,put,5,2026-08-13,115.35,144.825,25.55,False
VAC,2026-07-31,put,5,2026-08-13,98.11,121.5,23.84,False
ELVN,2026-07-31,put,5,2026-08-13,55.36,58.01,4.79,False
HOMB,2026-07-31,call,5,2026-08-13,30.94,31.35,1.33,True
IRT,2026-07-31,put,5,2026-08-13,16.625,17.135,3.07,False
BWIN,2026-08-03,call,3,2026-08-13,29.06,31.165,7.24,True
BWIN,2026-08-03,call,5,2026-08-13,29.06,31.165,7.24,True
MRCY,2026-08-03,call,3,2026-08-13,105.04,109.55,4.29,True
MRCY,2026-08-03,call,5,2026-08-13,105.04,109.55,4.29,True
OPLN,2026-08-03,call,3,2026-08-13,40.84,35.755,-12.45,False
OPLN,2026-08-03,call,5,2026-08-13,40.84,35.755,-12.45,False
TMDX,2026-08-03,put,3,2026-08-13,81.355,87.745,7.85,False
TMDX,2026-08-03,put,5,2026-08-13,81.355,87.745,7.85,False
FLYW,2026-08-03,put,3,2026-08-13,16.405,17.815,8.59,False
FLYW,2026-08-03,put,5,2026-08-13,16.405,17.815,8.59,False
LRN,2026-08-03,put,3,2026-08-13,80.67,81.73,1.31,False
LRN,2026-08-03,put,5,2026-08-13,80.67,81.73,1.31,False
ESTA,2026-08-03,call,3,2026-08-13,93.04,77.48,-16.72,False
ESTA,2026-08-03,call,5,2026-08-13,93.04,77.48,-16.72,False
DNTH,2026-08-03,call,3,2026-08-13,104.58,112.0,7.1,True
DNTH,2026-08-03,call,5,2026-08-13,104.58,112.0,7.1,True
WRBY,2026-08-03,call,3,2026-08-13,28.32,25.62,-9.53,False
WRBY,2026-08-03,call,5,2026-08-13,28.32,25.62,-9.53,False
ATKR,2026-08-03,call,3,2026-08-13,93.4,93.9,0.54,True
ATKR,2026-08-03,call,5,2026-08-13,93.4,93.9,0.54,True
AXTI,2026-08-03,call,3,2026-08-13,69.59,78.25,12.44,True
AXTI,2026-08-03,call,5,2026-08-13,69.59,78.25,12.44,True
SMR,2026-08-03,call,3,2026-08-13,8.93,9.805,9.8,True
SMR,2026-08-03,call,5,2026-08-13,8.93,9.805,9.8,True
UPST,2026-08-03,call,3,2026-08-13,29.5468,29.67,0.42,True
UPST,2026-08-03,call,5,2026-08-13,29.5468,29.67,0.42,True
USAR,2026-08-03,call,3,2026-08-13,15.855,18.84,18.83,True
USAR,2026-08-03,call,5,2026-08-13,15.855,18.84,18.83,True
ELVN,2026-08-03,call,3,2026-08-13,58.85,58.01,-1.43,False
ELVN,2026-08-03,call,5,2026-08-13,58.85,58.01,-1.43,False
TDC,2026-08-04,put,3,2026-08-13,34.615,27.09,-21.74,True
TDC,2026-08-04,put,5,2026-08-13,34.615,27.09,-21.74,True
IBP,2026-08-04,put,3,2026-08-13,237.95,246.505,3.6,False
IBP,2026-08-04,put,5,2026-08-13,237.95,246.505,3.6,False
CGON,2026-08-04,call,3,2026-08-13,72.18,76.435,5.89,True
CGON,2026-08-04,call,5,2026-08-13,72.18,76.435,5.89,True
ZETA,2026-08-04,call,3,2026-08-13,24.125,29.12,20.7,True
ZETA,2026-08-04,call,5,2026-08-13,24.125,29.12,20.7,True
LUMN,2026-08-04,call,3,2026-08-13,6.795,6.23,-8.31,False
LUMN,2026-08-04,call,5,2026-08-13,6.795,6.23,-8.31,False
KLIC,2026-08-04,put,3,2026-08-13,93.83,96.015,2.33,False
KLIC,2026-08-04,put,5,2026-08-13,93.83,96.015,2.33,False
CAKE,2026-08-04,put,3,2026-08-13,104.94,116.26,10.79,False
CAKE,2026-08-04,put,5,2026-08-13,104.94,116.26,10.79,False
UEC,2026-08-04,call,3,2026-08-13,10.7139,11.345,5.89,True
UEC,2026-08-04,call,5,2026-08-13,10.7139,11.345,5.89,True
TDW,2026-08-04,call,3,2026-08-13,84.125,91.68,8.98,True
TDW,2026-08-04,call,5,2026-08-13,84.125,91.68,8.98,True
SHAK,2026-08-04,call,3,2026-08-13,65.605,73.42,11.91,True
SHAK,2026-08-04,call,5,2026-08-13,65.605,73.42,11.91,True
POWI,2026-08-04,call,3,2026-08-13,63.81,63.74,-0.11,False
POWI,2026-08-04,call,5,2026-08-13,63.81,63.74,-0.11,False
WRBY,2026-08-04,call,3,2026-08-13,29.52,25.62,-13.21,False
WRBY,2026-08-04,call,5,2026-08-13,29.52,25.62,-13.21,False
UPST,2026-08-04,call,3,2026-08-13,30.58,29.67,-2.98,False
UPST,2026-08-04,call,5,2026-08-13,30.58,29.67,-2.98,False
CLOV,2026-08-04,put,3,2026-08-13,4.315,4.5701,5.91,False
CLOV,2026-08-04,put,5,2026-08-13,4.315,4.5701,5.91,False
ACA,2026-08-04,put,3,2026-08-13,145.415,145.32,-0.07,True
ACA,2026-08-04,put,5,2026-08-13,145.415,145.32,-0.07,True
KMT,2026-08-05,call,1,2026-08-13,35.32,30.65,-13.22,False
KMT,2026-08-05,call,3,2026-08-13,35.32,30.65,-13.22,False
KMT,2026-08-05,call,5,2026-08-13,35.32,30.65,-13.22,False
TDC,2026-08-05,put,1,2026-08-13,27.015,27.09,0.28,False
TDC,2026-08-05,put,3,2026-08-13,27.015,27.09,0.28,False
TDC,2026-08-05,put,5,2026-08-13,27.015,27.09,0.28,False
IBP,2026-08-05,put,1,2026-08-13,242.68,246.505,1.58,False
IBP,2026-08-05,put,3,2026-08-13,242.68,246.505,1.58,False
IBP,2026-08-05,put,5,2026-08-13,242.68,246.505,1.58,False
ZETA,2026-08-05,call,1,2026-08-13,27.26,29.12,6.82,True
ZETA,2026-08-05,call,3,2026-08-13,27.26,29.12,6.82,True
ZETA,2026-08-05,call,5,2026-08-13,27.26,29.12,6.82,True
MD,2026-08-05,call,1,2026-08-13,25.97,26.59,2.39,True
MD,2026-08-05,call,3,2026-08-13,25.97,26.59,2.39,True
MD,2026-08-05,call,5,2026-08-13,25.97,26.59,2.39,True
DYN,2026-08-05,put,1,2026-08-13,26.37,26.39,0.08,False
DYN,2026-08-05,put,3,2026-08-13,26.37,26.39,0.08,False
DYN,2026-08-05,put,5,2026-08-13,26.37,26.39,0.08,False
DK,2026-08-05,call,1,2026-08-13,60.7875,65.91,8.43,True
DK,2026-08-05,call,3,2026-08-13,60.7875,65.91,8.43,True
DK,2026-08-05,call,5,2026-08-13,60.7875,65.91,8.43,True
FSLY,2026-08-05,call,1,2026-08-13,26.65,28.6742,7.6,True
FSLY,2026-08-05,call,3,2026-08-13,26.65,28.6742,7.6,True
FSLY,2026-08-05,call,5,2026-08-13,26.65,28.6742,7.6,True
EWTX,2026-08-05,call,1,2026-08-13,44.94,43.185,-3.91,False
EWTX,2026-08-05,call,3,2026-08-13,44.94,43.185,-3.91,False
EWTX,2026-08-05,call,5,2026-08-13,44.94,43.185,-3.91,False
LGN,2026-08-05,call,1,2026-08-13,67.31,64.23,-4.58,False
LGN,2026-08-05,call,3,2026-08-13,67.31,64.23,-4.58,False
LGN,2026-08-05,call,5,2026-08-13,67.31,64.23,-4.58,False
OSCR,2026-08-05,call,1,2026-08-13,30.84,30.31,-1.72,False
OSCR,2026-08-05,call,3,2026-08-13,30.84,30.31,-1.72,False
OSCR,2026-08-05,call,5,2026-08-13,30.84,30.31,-1.72,False
UPST,2026-08-05,call,1,2026-08-13,31.0046,29.67,-4.3,False
UPST,2026-08-05,call,3,2026-08-13,31.0046,29.67,-4.3,False
UPST,2026-08-05,call,5,2026-08-13,31.0046,29.67,-4.3,False
WRBY,2026-08-05,call,1,2026-08-13,28.73,25.62,-10.82,False
WRBY,2026-08-05,call,3,2026-08-13,28.73,25.62,-10.82,False
WRBY,2026-08-05,call,5,2026-08-13,28.73,25.62,-10.82,False
VSEC,2026-08-05,put,1,2026-08-13,215.06,237.735,10.54,False
VSEC,2026-08-05,put,3,2026-08-13,215.06,237.735,10.54,False
VSEC,2026-08-05,put,5,2026-08-13,215.06,237.735,10.54,False
LMAT,2026-08-05,call,1,2026-08-13,81.735,82.4,0.81,True
LMAT,2026-08-05,call,3,2026-08-13,81.735,82.4,0.81,True
LMAT,2026-08-05,call,5,2026-08-13,81.735,82.4,0.81,True
DFTX,2026-08-07,call,1,2026-08-13,46.14,44.5,-3.55,False
DFTX,2026-08-07,call,3,2026-08-13,46.14,44.5,-3.55,False
CLOV,2026-08-07,put,1,2026-08-13,4.66,4.5701,-1.93,True
CLOV,2026-08-07,put,3,2026-08-13,4.66,4.5701,-1.93,True
SOUN,2026-08-07,call,1,2026-08-13,7.08,7.425,4.87,True
SOUN,2026-08-07,call,3,2026-08-13,7.08,7.425,4.87,True
JOE,2026-08-07,call,1,2026-08-13,67.38,68.4272,1.55,True
JOE,2026-08-07,call,3,2026-08-13,67.38,68.4272,1.55,True
INOD,2026-08-07,call,1,2026-08-13,65.48,61.91,-5.45,False
INOD,2026-08-07,call,3,2026-08-13,65.48,61.91,-5.45,False
RUN,2026-08-07,call,1,2026-08-13,9.38,9.78,4.26,True
RUN,2026-08-07,call,3,2026-08-13,9.38,9.78,4.26,True
ASB,2026-08-07,call,1,2026-08-13,31.16,32.31,3.69,True
ASB,2026-08-07,call,3,2026-08-13,31.16,32.31,3.69,True
OSCR,2026-08-07,call,1,2026-08-13,26.54,30.31,14.2,True
OSCR,2026-08-07,call,3,2026-08-13,26.54,30.31,14.2,True
DK,2026-08-07,call,1,2026-08-13,58.69,65.91,12.3,True
DK,2026-08-07,call,3,2026-08-13,58.69,65.91,12.3,True
DYN,2026-08-07,put,1,2026-08-13,25.88,26.39,1.97,False
DYN,2026-08-07,put,3,2026-08-13,25.88,26.39,1.97,False
RDW,2026-08-07,call,1,2026-08-13,11.83,13.5914,14.89,True
RDW,2026-08-07,call,3,2026-08-13,11.83,13.5914,14.89,True
ARCB,2026-08-07,put,1,2026-08-13,135.25,144.24,6.65,False
ARCB,2026-08-07,put,3,2026-08-13,135.25,144.24,6.65,False
OUT,2026-08-07,call,1,2026-08-13,30.995,30.14,-2.76,False
OUT,2026-08-07,call,3,2026-08-13,30.995,30.14,-2.76,False
NWBI,2026-08-07,call,1,2026-08-13,15.61,15.84,1.47,True
NWBI,2026-08-07,call,3,2026-08-13,15.61,15.84,1.47,True
VSEC,2026-08-07,put,1,2026-08-13,223.86,237.735,6.2,False
VSEC,2026-08-07,put,3,2026-08-13,223.86,237.735,6.2,False
RDN,2026-08-07,call,1,2026-08-13,36.2,36.4775,0.77,True
RDN,2026-08-07,call,3,2026-08-13,36.2,36.4775,0.77,True
CARG,2026-08-07,put,1,2026-08-13,38.81,37.7105,-2.83,True
CARG,2026-08-07,put,3,2026-08-13,38.81,37.7105,-2.83,True
LMAT,2026-08-07,call,1,2026-08-13,80.67,82.4,2.14,True
LMAT,2026-08-07,call,3,2026-08-13,80.67,82.4,2.14,True
NOVT,2026-08-07,put,1,2026-08-13,167.835,167.79,-0.03,True
NOVT,2026-08-07,put,3,2026-08-13,167.835,167.79,-0.03,True
PRAX,2026-08-07,call,1,2026-08-13,375.5,385.59,2.69,True
PRAX,2026-08-07,call,3,2026-08-13,375.5,385.59,2.69,True
SFNC,2026-08-07,call,1,2026-08-13,23.475,24.035,2.39,True
SFNC,2026-08-07,call,3,2026-08-13,23.475,24.035,2.39,True
HOMB,2026-08-07,call,1,2026-08-13,30.72,31.35,2.05,True
HOMB,2026-08-07,call,3,2026-08-13,30.72,31.35,2.05,True
FTDR,2026-08-07,call,1,2026-08-13,90.735,86.305,-4.88,False
FTDR,2026-08-07,call,3,2026-08-13,90.735,86.305,-4.88,False
MTX,2026-08-07,call,1,2026-08-13,75.0575,73.16,-2.53,False
MTX,2026-08-07,call,3,2026-08-13,75.0575,73.16,-2.53,False
PSMT,2026-08-07,call,1,2026-08-13,174.155,179.9464,3.33,True
PSMT,2026-08-07,call,3,2026-08-13,174.155,179.9464,3.33,True
VCEL,2026-08-07,call,1,2026-08-13,45.19,44.83,-0.8,False
VCEL,2026-08-07,call,3,2026-08-13,45.19,44.83,-0.8,False
IRT,2026-08-07,put,1,2026-08-13,17.05,17.135,0.5,False
IRT,2026-08-07,put,3,2026-08-13,17.05,17.135,0.5,False
POR,2026-08-10,call,1,2026-08-13,49.05,50.17,2.28,True
POR,2026-08-10,call,3,2026-08-13,49.05,50.17,2.28,True
RDNT,2026-08-10,put,1,2026-08-13,72.385,77.795,7.47,False
RDNT,2026-08-10,put,3,2026-08-13,72.385,77.795,7.47,False
GRAL,2026-08-10,put,1,2026-08-13,69.48,69.57,0.13,False
GRAL,2026-08-10,put,3,2026-08-13,69.48,69.57,0.13,False
BWIN,2026-08-10,call,1,2026-08-13,29.54,31.165,5.5,True
BWIN,2026-08-10,call,3,2026-08-13,29.54,31.165,5.5,True
CON,2026-08-10,call,1,2026-08-13,34.06,34.94,2.58,True
CON,2026-08-10,call,3,2026-08-13,34.06,34.94,2.58,True
ASH,2026-08-10,call,1,2026-08-13,76.45,74.81,-2.15,False
ASH,2026-08-10,call,3,2026-08-13,76.45,74.81,-2.15,False
OUT,2026-08-10,call,1,2026-08-13,31.24,30.14,-3.52,False
OUT,2026-08-10,call,3,2026-08-13,31.24,30.14,-3.52,False
LASR,2026-08-10,call,1,2026-08-13,54.64,53.06,-2.89,False
LASR,2026-08-10,call,3,2026-08-13,54.64,53.06,-2.89,False
DYN,2026-08-10,put,1,2026-08-13,26.43,26.39,-0.15,True
DYN,2026-08-10,put,3,2026-08-13,26.43,26.39,-0.15,True
FCPT,2026-08-10,put,1,2026-08-13,24.67,25.2799,2.47,False
FCPT,2026-08-10,put,3,2026-08-13,24.67,25.2799,2.47,False
RDN,2026-08-10,call,1,2026-08-13,36.765,36.4775,-0.78,False
RDN,2026-08-10,call,3,2026-08-13,36.765,36.4775,-0.78,False
VSEC,2026-08-10,put,1,2026-08-13,219.91,237.735,8.11,False
VSEC,2026-08-10,put,3,2026-08-13,219.91,237.735,8.11,False
NOVT,2026-08-10,put,1,2026-08-13,165.9,167.79,1.14,False
NOVT,2026-08-10,put,3,2026-08-13,165.9,167.79,1.14,False
TPC,2026-08-10,call,1,2026-08-13,98.72,96.31,-2.44,False
TPC,2026-08-10,call,3,2026-08-13,98.72,96.31,-2.44,False
SFNC,2026-08-10,call,1,2026-08-13,23.545,24.035,2.08,True
SFNC,2026-08-10,call,3,2026-08-13,23.545,24.035,2.08,True
NWBI,2026-08-10,call,1,2026-08-13,15.59,15.84,1.6,True
NWBI,2026-08-10,call,3,2026-08-13,15.59,15.84,1.6,True
SKY,2026-08-10,call,1,2026-08-13,92.895,95.515,2.82,True
SKY,2026-08-10,call,3,2026-08-13,92.895,95.515,2.82,True
MTX,2026-08-10,call,1,2026-08-13,74.83,73.16,-2.23,False
MTX,2026-08-10,call,3,2026-08-13,74.83,73.16,-2.23,False
HOMB,2026-08-10,call,1,2026-08-13,30.78,31.35,1.85,True
HOMB,2026-08-10,call,3,2026-08-13,30.78,31.35,1.85,True
AUB,2026-08-10,call,1,2026-08-13,41.815,42.86,2.5,True
AUB,2026-08-10,call,3,2026-08-13,41.815,42.86,2.5,True
PSMT,2026-08-10,call,1,2026-08-13,177.44,179.9464,1.41,True
PSMT,2026-08-10,call,3,2026-08-13,177.44,179.9464,1.41,True
BKD,2026-08-11,call,1,2026-08-13,13.055,13.055,0.0,False
BTU,2026-08-11,call,1,2026-08-13,24.35,24.5347,0.76,True
LASR,2026-08-11,call,1,2026-08-13,51.2,53.06,3.63,True
ACA,2026-08-11,put,1,2026-08-13,145.02,145.32,0.21,False
FCPT,2026-08-11,put,1,2026-08-13,24.47,25.2799,3.31,False
RDN,2026-08-11,call,1,2026-08-13,36.61,36.4775,-0.36,False
VSEC,2026-08-11,put,1,2026-08-13,233.1801,237.735,1.95,False
MYRG,2026-08-11,call,1,2026-08-13,337.055,334.98,-0.62,False
NOVT,2026-08-11,put,1,2026-08-13,167.0,167.79,0.47,False
SFNC,2026-08-11,call,1,2026-08-13,23.675,24.035,1.52,True
NWBI,2026-08-11,call,1,2026-08-13,15.56,15.84,1.8,True
HOMB,2026-08-11,call,1,2026-08-13,30.9,31.35,1.46,True
URBN,2026-08-11,put,1,2026-08-13,78.595,77.5,-1.39,True
MTX,2026-08-11,call,1,2026-08-13,74.295,73.16,-1.53,False
SKY,2026-08-11,call,1,2026-08-13,94.25,95.515,1.34,True
ERAS,2026-08-12,call,1,2026-08-13,19.16,18.175,-5.14,False
ASH,2026-08-12,put,1,2026-08-13,74.874,74.81,-0.09,True
HASI,2026-08-12,call,1,2026-08-13,41.575,42.075,1.2,True
LASR,2026-08-12,call,1,2026-08-13,51.795,53.06,2.44,True
ACA,2026-08-12,put,1,2026-08-13,145.1,145.32,0.15,False
RDN,2026-08-12,call,1,2026-08-13,36.284,36.4775,0.53,True
SFNC,2026-08-12,call,1,2026-08-13,23.75,24.035,1.2,True
VSEC,2026-08-12,put,1,2026-08-13,243.0,237.735,-2.17,True
NOVT,2026-08-12,put,1,2026-08-13,168.17,167.79,-0.23,True
NWBI,2026-08-12,call,1,2026-08-13,15.675,15.84,1.05,True
WAY,2026-08-12,call,1,2026-08-13,24.19,24.83,2.65,True
URBN,2026-08-12,put,1,2026-08-13,78.17,77.5,-0.86,True
PSMT,2026-08-12,call,1,2026-08-13,173.17,179.9464,3.91,True
MTX,2026-08-12,call,1,2026-08-13,73.67,73.16,-0.69,False
LCII,2026-08-12,put,1,2026-08-13,104.99,108.01,2.88,False
ALMS,2026-07-31,call,10,2026-09-11,28.135,9.29,-66.98,False
WERN,2026-07-31,call,10,2026-09-11,37.77,36.665,-2.93,False
AMBA,2026-07-31,call,10,2026-09-11,87.145,67.94,-22.04,False
AXTI,2026-07-31,call,10,2026-09-11,61.26,65.8,7.41,True
WHD,2026-07-31,call,10,2026-09-11,64.225,68.853,7.21,True
TVTX,2026-07-31,call,10,2026-09-11,55.895,67.73,21.17,True
ACMR,2026-07-31,call,10,2026-09-11,80.19,73.24,-8.67,False
VSEC,2026-07-31,put,10,2026-09-11,194.3,195.36,0.55,False
NEOG,2026-07-31,call,10,2026-09-11,11.97,11.85,-1.0,False
SFNC,2026-07-31,call,10,2026-09-11,23.565,23.145,-1.78,False
CVLT,2026-07-31,put,10,2026-09-11,115.35,132.12,14.54,False
VAC,2026-07-31,put,10,2026-09-11,98.11,103.72,5.72,False
ELVN,2026-07-31,put,10,2026-09-11,55.36,54.385,-1.76,True
HOMB,2026-07-31,call,10,2026-09-11,30.94,29.885,-3.41,False
IRT,2026-07-31,put,10,2026-09-11,16.625,15.365,-7.58,True
BWIN,2026-08-03,call,10,2026-09-11,29.06,29.32,0.89,True
MRCY,2026-08-03,call,10,2026-09-11,105.04,81.18,-22.72,False
OPLN,2026-08-03,call,10,2026-09-11,40.84,35.62,-12.78,False
TMDX,2026-08-03,put,10,2026-09-11,81.355,81.33,-0.03,True
FLYW,2026-08-03,put,10,2026-09-11,16.405,17.93,9.3,False
LRN,2026-08-03,put,10,2026-09-11,80.67,82.28,2.0,False
ESTA,2026-08-03,call,10,2026-09-11,93.04,70.46,-24.27,False
DNTH,2026-08-03,call,10,2026-09-11,104.58,106.95,2.27,True
WRBY,2026-08-03,call,10,2026-09-11,28.32,25.275,-10.75,False
ATKR,2026-08-03,call,10,2026-09-11,93.4,94.29,0.95,True
AXTI,2026-08-03,call,10,2026-09-11,69.59,65.8,-5.45,False
SMR,2026-08-03,call,10,2026-09-11,8.93,8.8186,-1.25,False
UPST,2026-08-03,call,10,2026-09-11,29.5468,25.73,-12.92,False
USAR,2026-08-03,call,10,2026-09-11,15.855,15.62,-1.48,False
ELVN,2026-08-03,call,10,2026-09-11,58.85,54.385,-7.59,False
TDC,2026-08-04,put,10,2026-09-11,34.615,27.76,-19.8,True
IBP,2026-08-04,put,10,2026-09-11,237.95,208.111,-12.54,True
CGON,2026-08-04,call,10,2026-09-11,72.18,72.43,0.35,True
ZETA,2026-08-04,call,10,2026-09-11,24.125,30.33,25.72,True
LUMN,2026-08-04,call,10,2026-09-11,6.795,7.115,4.71,True
KLIC,2026-08-04,put,10,2026-09-11,93.83,86.3,-8.03,True
CAKE,2026-08-04,put,10,2026-09-11,104.94,101.3675,-3.4,True
UEC,2026-08-04,call,10,2026-09-11,10.7139,10.755,0.38,True
TDW,2026-08-04,call,10,2026-09-11,84.125,91.3,8.53,True
SHAK,2026-08-04,call,10,2026-09-11,65.605,62.7,-4.43,False
POWI,2026-08-04,call,10,2026-09-11,63.81,52.43,-17.83,False
WRBY,2026-08-04,call,10,2026-09-11,29.52,25.275,-14.38,False
UPST,2026-08-04,call,10,2026-09-11,30.58,25.73,-15.86,False
CLOV,2026-08-04,put,10,2026-09-11,4.315,4.7795,10.76,False
ACA,2026-08-04,put,10,2026-09-11,145.415,145.55,0.09,False
KMT,2026-08-05,call,10,2026-09-11,35.32,29.61,-16.17,False
TDC,2026-08-05,put,10,2026-09-11,27.015,27.76,2.76,False
IBP,2026-08-05,put,10,2026-09-11,242.68,208.111,-14.24,True
ZETA,2026-08-05,call,10,2026-09-11,27.26,30.33,11.26,True
MD,2026-08-05,call,10,2026-09-11,25.97,26.835,3.33,True
DYN,2026-08-05,put,10,2026-09-11,26.37,18.085,-31.42,True
DK,2026-08-05,call,10,2026-09-11,60.7875,77.23,27.05,True
FSLY,2026-08-05,call,10,2026-09-11,26.65,22.6,-15.2,False
EWTX,2026-08-05,call,10,2026-09-11,44.94,44.2,-1.65,False
LGN,2026-08-05,call,10,2026-09-11,67.31,56.365,-16.26,False
OSCR,2026-08-05,call,10,2026-09-11,30.84,33.305,7.99,True
UPST,2026-08-05,call,10,2026-09-11,31.0046,25.73,-17.01,False
WRBY,2026-08-05,call,10,2026-09-11,28.73,25.275,-12.03,False
VSEC,2026-08-05,put,10,2026-09-11,215.06,195.36,-9.16,True
LMAT,2026-08-05,call,10,2026-09-11,81.735,79.405,-2.85,False
DFTX,2026-08-07,call,5,2026-09-11,46.14,38.46,-16.64,False
DFTX,2026-08-07,call,10,2026-09-11,46.14,38.46,-16.64,False
CLOV,2026-08-07,put,5,2026-09-11,4.66,4.7795,2.56,False
CLOV,2026-08-07,put,10,2026-09-11,4.66,4.7795,2.56,False
SOUN,2026-08-07,call,5,2026-09-11,7.08,6.31,-10.88,False
SOUN,2026-08-07,call,10,2026-09-11,7.08,6.31,-10.88,False
JOE,2026-08-07,call,5,2026-09-11,67.38,65.36,-3.0,False
JOE,2026-08-07,call,10,2026-09-11,67.38,65.36,-3.0,False
INOD,2026-08-07,call,5,2026-09-11,65.48,53.65,-18.07,False
INOD,2026-08-07,call,10,2026-09-11,65.48,53.65,-18.07,False
RUN,2026-08-07,call,5,2026-09-11,9.38,8.755,-6.66,False
RUN,2026-08-07,call,10,2026-09-11,9.38,8.755,-6.66,False
ASB,2026-08-07,call,5,2026-09-11,31.16,30.105,-3.39,False
ASB,2026-08-07,call,10,2026-09-11,31.16,30.105,-3.39,False
OSCR,2026-08-07,call,5,2026-09-11,26.54,33.305,25.49,True
OSCR,2026-08-07,call,10,2026-09-11,26.54,33.305,25.49,True
DK,2026-08-07,call,5,2026-09-11,58.69,77.23,31.59,True
DK,2026-08-07,call,10,2026-09-11,58.69,77.23,31.59,True
DYN,2026-08-07,put,5,2026-09-11,25.88,18.085,-30.12,True
DYN,2026-08-07,put,10,2026-09-11,25.88,18.085,-30.12,True
RDW,2026-08-07,call,5,2026-09-11,11.83,10.8701,-8.11,False
RDW,2026-08-07,call,10,2026-09-11,11.83,10.8701,-8.11,False
ARCB,2026-08-07,put,5,2026-09-11,135.25,133.805,-1.07,True
ARCB,2026-08-07,put,10,2026-09-11,135.25,133.805,-1.07,True
OUT,2026-08-07,call,5,2026-09-11,30.995,28.69,-7.44,False
OUT,2026-08-07,call,10,2026-09-11,30.995,28.69,-7.44,False
NWBI,2026-08-07,call,5,2026-09-11,15.61,15.475,-0.86,False
NWBI,2026-08-07,call,10,2026-09-11,15.61,15.475,-0.86,False
VSEC,2026-08-07,put,5,2026-09-11,223.86,195.36,-12.73,True
VSEC,2026-08-07,put,10,2026-09-11,223.86,195.36,-12.73,True
RDN,2026-08-07,call,5,2026-09-11,36.2,35.85,-0.97,False
RDN,2026-08-07,call,10,2026-09-11,36.2,35.85,-0.97,False
CARG,2026-08-07,put,5,2026-09-11,38.81,34.23,-11.8,True
CARG,2026-08-07,put,10,2026-09-11,38.81,34.23,-11.8,True
LMAT,2026-08-07,call,5,2026-09-11,80.67,79.405,-1.57,False
LMAT,2026-08-07,call,10,2026-09-11,80.67,79.405,-1.57,False
NOVT,2026-08-07,put,5,2026-09-11,167.835,147.61,-12.05,True
NOVT,2026-08-07,put,10,2026-09-11,167.835,147.61,-12.05,True
PRAX,2026-08-07,call,5,2026-09-11,375.5,338.0,-9.99,False
PRAX,2026-08-07,call,10,2026-09-11,375.5,338.0,-9.99,False
SFNC,2026-08-07,call,5,2026-09-11,23.475,23.145,-1.41,False
SFNC,2026-08-07,call,10,2026-09-11,23.475,23.145,-1.41,False
HOMB,2026-08-07,call,5,2026-09-11,30.72,29.885,-2.72,False
HOMB,2026-08-07,call,10,2026-09-11,30.72,29.885,-2.72,False
FTDR,2026-08-07,call,5,2026-09-11,90.735,81.62,-10.05,False
FTDR,2026-08-07,call,10,2026-09-11,90.735,81.62,-10.05,False
MTX,2026-08-07,call,5,2026-09-11,75.0575,69.125,-7.9,False
MTX,2026-08-07,call,10,2026-09-11,75.0575,69.125,-7.9,False
PSMT,2026-08-07,call,5,2026-09-11,174.155,169.12,-2.89,False
PSMT,2026-08-07,call,10,2026-09-11,174.155,169.12,-2.89,False
VCEL,2026-08-07,call,5,2026-09-11,45.19,38.035,-15.83,False
VCEL,2026-08-07,call,10,2026-09-11,45.19,38.035,-15.83,False
IRT,2026-08-07,put,5,2026-09-11,17.05,15.365,-9.88,True
IRT,2026-08-07,put,10,2026-09-11,17.05,15.365,-9.88,True
POR,2026-08-10,call,5,2026-09-11,49.05,48.4,-1.33,False
POR,2026-08-10,call,10,2026-09-11,49.05,48.4,-1.33,False
RDNT,2026-08-10,put,5,2026-09-11,72.385,74.75,3.27,False
RDNT,2026-08-10,put,10,2026-09-11,72.385,74.75,3.27,False
GRAL,2026-08-10,put,5,2026-09-11,69.48,77.7128,11.85,False
GRAL,2026-08-10,put,10,2026-09-11,69.48,77.7128,11.85,False
BWIN,2026-08-10,call,5,2026-09-11,29.54,29.32,-0.74,False
BWIN,2026-08-10,call,10,2026-09-11,29.54,29.32,-0.74,False
CON,2026-08-10,call,5,2026-09-11,34.06,34.78,2.11,True
CON,2026-08-10,call,10,2026-09-11,34.06,34.78,2.11,True
ASH,2026-08-10,call,5,2026-09-11,76.45,71.66,-6.27,False
ASH,2026-08-10,call,10,2026-09-11,76.45,71.66,-6.27,False
OUT,2026-08-10,call,5,2026-09-11,31.24,28.69,-8.16,False
OUT,2026-08-10,call,10,2026-09-11,31.24,28.69,-8.16,False
LASR,2026-08-10,call,5,2026-09-11,54.64,40.2999,-26.24,False
LASR,2026-08-10,call,10,2026-09-11,54.64,40.2999,-26.24,False
DYN,2026-08-10,put,5,2026-09-11,26.43,18.085,-31.57,True
DYN,2026-08-10,put,10,2026-09-11,26.43,18.085,-31.57,True
FCPT,2026-08-10,put,5,2026-09-11,24.67,24.14,-2.15,True
FCPT,2026-08-10,put,10,2026-09-11,24.67,24.14,-2.15,True
RDN,2026-08-10,call,5,2026-09-11,36.765,35.85,-2.49,False
RDN,2026-08-10,call,10,2026-09-11,36.765,35.85,-2.49,False
VSEC,2026-08-10,put,5,2026-09-11,219.91,195.36,-11.16,True
VSEC,2026-08-10,put,10,2026-09-11,219.91,195.36,-11.16,True
NOVT,2026-08-10,put,5,2026-09-11,165.9,147.61,-11.02,True
NOVT,2026-08-10,put,10,2026-09-11,165.9,147.61,-11.02,True
TPC,2026-08-10,call,5,2026-09-11,98.72,88.615,-10.24,False
TPC,2026-08-10,call,10,2026-09-11,98.72,88.615,-10.24,False
SFNC,2026-08-10,call,5,2026-09-11,23.545,23.145,-1.7,False
SFNC,2026-08-10,call,10,2026-09-11,23.545,23.145,-1.7,False
NWBI,2026-08-10,call,5,2026-09-11,15.59,15.475,-0.74,False
NWBI,2026-08-10,call,10,2026-09-11,15.59,15.475,-0.74,False
SKY,2026-08-10,call,5,2026-09-11,92.895,82.82,-10.85,False
SKY,2026-08-10,call,10,2026-09-11,92.895,82.82,-10.85,False
MTX,2026-08-10,call,5,2026-09-11,74.83,69.125,-7.62,False
MTX,2026-08-10,call,10,2026-09-11,74.83,69.125,-7.62,False
HOMB,2026-08-10,call,5,2026-09-11,30.78,29.885,-2.91,False
HOMB,2026-08-10,call,10,2026-09-11,30.78,29.885,-2.91,False
AUB,2026-08-10,call,5,2026-09-11,41.815,39.8,-4.82,False
AUB,2026-08-10,call,10,2026-09-11,41.815,39.8,-4.82,False
PSMT,2026-08-10,call,5,2026-09-11,177.44,169.12,-4.69,False
PSMT,2026-08-10,call,10,2026-09-11,177.44,169.12,-4.69,False
BKD,2026-08-11,call,3,2026-09-11,13.055,12.075,-7.51,False
BKD,2026-08-11,call,5,2026-09-11,13.055,12.075,-7.51,False
BKD,2026-08-11,call,10,2026-09-11,13.055,12.075,-7.51,False
BTU,2026-08-11,call,3,2026-09-11,24.35,28.4,16.63,True
BTU,2026-08-11,call,5,2026-09-11,24.35,28.4,16.63,True
BTU,2026-08-11,call,10,2026-09-11,24.35,28.4,16.63,True
LASR,2026-08-11,call,3,2026-09-11,51.2,40.2999,-21.29,False
LASR,2026-08-11,call,5,2026-09-11,51.2,40.2999,-21.29,False
LASR,2026-08-11,call,10,2026-09-11,51.2,40.2999,-21.29,False
ACA,2026-08-11,put,3,2026-09-11,145.02,145.55,0.37,False
ACA,2026-08-11,put,5,2026-09-11,145.02,145.55,0.37,False
ACA,2026-08-11,put,10,2026-09-11,145.02,145.55,0.37,False
FCPT,2026-08-11,put,3,2026-09-11,24.47,24.14,-1.35,True
FCPT,2026-08-11,put,5,2026-09-11,24.47,24.14,-1.35,True
FCPT,2026-08-11,put,10,2026-09-11,24.47,24.14,-1.35,True
RDN,2026-08-11,call,3,2026-09-11,36.61,35.85,-2.08,False
RDN,2026-08-11,call,5,2026-09-11,36.61,35.85,-2.08,False
RDN,2026-08-11,call,10,2026-09-11,36.61,35.85,-2.08,False
VSEC,2026-08-11,put,3,2026-09-11,233.1801,195.36,-16.22,True
VSEC,2026-08-11,put,5,2026-09-11,233.1801,195.36,-16.22,True
VSEC,2026-08-11,put,10,2026-09-11,233.1801,195.36,-16.22,True
MYRG,2026-08-11,call,3,2026-09-11,337.055,291.71,-13.45,False
MYRG,2026-08-11,call,5,2026-09-11,337.055,291.71,-13.45,False
MYRG,2026-08-11,call,10,2026-09-11,337.055,291.71,-13.45,False
NOVT,2026-08-11,put,3,2026-09-11,167.0,147.61,-11.61,True
NOVT,2026-08-11,put,5,2026-09-11,167.0,147.61,-11.61,True
NOVT,2026-08-11,put,10,2026-09-11,167.0,147.61,-11.61,True
SFNC,2026-08-11,call,3,2026-09-11,23.675,23.145,-2.24,False
SFNC,2026-08-11,call,5,2026-09-11,23.675,23.145,-2.24,False
SFNC,2026-08-11,call,10,2026-09-11,23.675,23.145,-2.24,False
NWBI,2026-08-11,call,3,2026-09-11,15.56,15.475,-0.55,False
NWBI,2026-08-11,call,5,2026-09-11,15.56,15.475,-0.55,False
NWBI,2026-08-11,call,10,2026-09-11,15.56,15.475,-0.55,False
HOMB,2026-08-11,call,3,2026-09-11,30.9,29.885,-3.28,False
HOMB,2026-08-11,call,5,2026-09-11,30.9,29.885,-3.28,False
HOMB,2026-08-11,call,10,2026-09-11,30.9,29.885,-3.28,False
URBN,2026-08-11,put,3,2026-09-11,78.595,78.125,-0.6,True
URBN,2026-08-11,put,5,2026-09-11,78.595,78.125,-0.6,True
URBN,2026-08-11,put,10,2026-09-11,78.595,78.125,-0.6,True
MTX,2026-08-11,call,3,2026-09-11,74.295,69.125,-6.96,False
MTX,2026-08-11,call,5,2026-09-11,74.295,69.125,-6.96,False
MTX,2026-08-11,call,10,2026-09-11,74.295,69.125,-6.96,False
SKY,2026-08-11,call,3,2026-09-11,94.25,82.82,-12.13,False
SKY,2026-08-11,call,5,2026-09-11,94.25,82.82,-12.13,False
SKY,2026-08-11,call,10,2026-09-11,94.25,82.82,-12.13,False
ERAS,2026-08-12,call,3,2026-09-11,19.16,16.04,-16.28,False
ERAS,2026-08-12,call,5,2026-09-11,19.16,16.04,-16.28,False
ERAS,2026-08-12,call,10,2026-09-11,19.16,16.04,-16.28,False
ASH,2026-08-12,put,3,2026-09-11,74.874,71.66,-4.29,True
ASH,2026-08-12,put,5,2026-09-11,74.874,71.66,-4.29,True
ASH,2026-08-12,put,10,2026-09-11,74.874,71.66,-4.29,True
HASI,2026-08-12,call,3,2026-09-11,41.575,37.43,-9.97,False
HASI,2026-08-12,call,5,2026-09-11,41.575,37.43,-9.97,False
HASI,2026-08-12,call,10,2026-09-11,41.575,37.43,-9.97,False
LASR,2026-08-12,call,3,2026-09-11,51.795,40.2999,-22.19,False
LASR,2026-08-12,call,5,2026-09-11,51.795,40.2999,-22.19,False
LASR,2026-08-12,call,10,2026-09-11,51.795,40.2999,-22.19,False
ACA,2026-08-12,put,3,2026-09-11,145.1,145.55,0.31,False
ACA,2026-08-12,put,5,2026-09-11,145.1,145.55,0.31,False
ACA,2026-08-12,put,10,2026-09-11,145.1,145.55,0.31,False
RDN,2026-08-12,call,3,2026-09-11,36.284,35.85,-1.2,False
RDN,2026-08-12,call,5,2026-09-11,36.284,35.85,-1.2,False
RDN,2026-08-12,call,10,2026-09-11,36.284,35.85,-1.2,False
SFNC,2026-08-12,call,3,2026-09-11,23.75,23.145,-2.55,False
SFNC,2026-08-12,call,5,2026-09-11,23.75,23.145,-2.55,False
SFNC,2026-08-12,call,10,2026-09-11,23.75,23.145,-2.55,False
VSEC,2026-08-12,put,3,2026-09-11,243.0,195.36,-19.6,True
VSEC,2026-08-12,put,5,2026-09-11,243.0,195.36,-19.6,True
VSEC,2026-08-12,put,10,2026-09-11,243.0,195.36,-19.6,True
NOVT,2026-08-12,put,3,2026-09-11,168.17,147.61,-12.23,True
NOVT,2026-08-12,put,5,2026-09-11,168.17,147.61,-12.23,True
NOVT,2026-08-12,put,10,2026-09-11,168.17,147.61,-12.23,True
NWBI,2026-08-12,call,3,2026-09-11,15.675,15.475,-1.28,False
NWBI,2026-08-12,call,5,2026-09-11,15.675,15.475,-1.28,False
NWBI,2026-08-12,call,10,2026-09-11,15.675,15.475,-1.28,False
WAY,2026-08-12,call,3,2026-09-11,24.19,23.24,-3.93,False
WAY,2026-08-12,call,5,2026-09-11,24.19,23.24,-3.93,False
WAY,2026-08-12,call,10,2026-09-11,24.19,23.24,-3.93,False
URBN,2026-08-12,put,3,2026-09-11,78.17,78.125,-0.06,True
URBN,2026-08-12,put,5,2026-09-11,78.17,78.125,-0.06,True
URBN,2026-08-12,put,10,2026-09-11,78.17,78.125,-0.06,True
PSMT,2026-08-12,call,3,2026-09-11,173.17,169.12,-2.34,False
PSMT,2026-08-12,call,5,2026-09-11,173.17,169.12,-2.34,False
PSMT,2026-08-12,call,10,2026-09-11,173.17,169.12,-2.34,False
MTX,2026-08-12,call,3,2026-09-11,73.67,69.125,-6.17,False
MTX,2026-08-12,call,5,2026-09-11,73.67,69.125,-6.17,False
MTX,2026-08-12,call,10,2026-09-11,73.67,69.125,-6.17,False
LCII,2026-08-12,put,3,2026-09-11,104.99,91.39,-12.95,True
LCII,2026-08-12,put,5,2026-09-11,104.99,91.39,-12.95,True
LCII,2026-08-12,put,10,2026-09-11,104.99,91.39,-12.95,True
PTCT,2026-08-13,call,1,2026-09-11,72.685,66.41,-8.63,False
PTCT,2026-08-13,call,3,2026-09-11,72.685,66.41,-8.63,False
PTCT,2026-08-13,call,5,2026-09-11,72.685,66.41,-8.63,False
PTCT,2026-08-13,call,10,2026-09-11,72.685,66.41,-8.63,False
KYMR,2026-08-13,call,1,2026-09-11,113.76,114.41,0.57,True
KYMR,2026-08-13,call,3,2026-09-11,113.76,114.41,0.57,True
KYMR,2026-08-13,call,5,2026-09-11,113.76,114.41,0.57,True
KYMR,2026-08-13,call,10,2026-09-11,113.76,114.41,0.57,True
GPI,2026-08-13,put,1,2026-09-11,263.61,284.7899,8.03,False
GPI,2026-08-13,put,3,2026-09-11,263.61,284.7899,8.03,False
GPI,2026-08-13,put,5,2026-09-11,263.61,284.7899,8.03,False
GPI,2026-08-13,put,10,2026-09-11,263.61,284.7899,8.03,False
ACA,2026-08-13,put,1,2026-09-11,145.32,145.55,0.16,False
ACA,2026-08-13,put,3,2026-09-11,145.32,145.55,0.16,False
ACA,2026-08-13,put,5,2026-09-11,145.32,145.55,0.16,False
ACA,2026-08-13,put,10,2026-09-11,145.32,145.55,0.16,False
ITGR,2026-08-13,put,1,2026-09-11,125.41,126.205,0.63,False
ITGR,2026-08-13,put,3,2026-09-11,125.41,126.205,0.63,False
ITGR,2026-08-13,put,5,2026-09-11,125.41,126.205,0.63,False
ITGR,2026-08-13,put,10,2026-09-11,125.41,126.205,0.63,False
MBC,2026-08-13,put,1,2026-09-11,9.47,7.485,-20.96,True
MBC,2026-08-13,put,3,2026-09-11,9.47,7.485,-20.96,True
MBC,2026-08-13,put,5,2026-09-11,9.47,7.485,-20.96,True
MBC,2026-08-13,put,10,2026-09-11,9.47,7.485,-20.96,True
RDN,2026-08-13,call,1,2026-09-11,36.475,35.85,-1.71,False
RDN,2026-08-13,call,3,2026-09-11,36.475,35.85,-1.71,False
RDN,2026-08-13,call,5,2026-09-11,36.475,35.85,-1.71,False
RDN,2026-08-13,call,10,2026-09-11,36.475,35.85,-1.71,False
SFNC,2026-08-13,call,1,2026-09-11,24.05,23.145,-3.76,False
SFNC,2026-08-13,call,3,2026-09-11,24.05,23.145,-3.76,False
SFNC,2026-08-13,call,5,2026-09-11,24.05,23.145,-3.76,False
SFNC,2026-08-13,call,10,2026-09-11,24.05,23.145,-3.76,False
NWBI,2026-08-13,call,1,2026-09-11,15.84,15.475,-2.3,False
NWBI,2026-08-13,call,3,2026-09-11,15.84,15.475,-2.3,False
NWBI,2026-08-13,call,5,2026-09-11,15.84,15.475,-2.3,False
NWBI,2026-08-13,call,10,2026-09-11,15.84,15.475,-2.3,False
VSEC,2026-08-13,put,1,2026-09-11,237.38,195.36,-17.7,True
VSEC,2026-08-13,put,3,2026-09-11,237.38,195.36,-17.7,True
VSEC,2026-08-13,put,5,2026-09-11,237.38,195.36,-17.7,True
VSEC,2026-08-13,put,10,2026-09-11,237.38,195.36,-17.7,True
NOVT,2026-08-13,put,1,2026-09-11,168.18,147.61,-12.23,True
NOVT,2026-08-13,put,3,2026-09-11,168.18,147.61,-12.23,True
NOVT,2026-08-13,put,5,2026-09-11,168.18,147.61,-12.23,True
NOVT,2026-08-13,put,10,2026-09-11,168.18,147.61,-12.23,True
MTX,2026-08-13,call,1,2026-09-11,73.16,69.125,-5.52,False
MTX,2026-08-13,call,3,2026-09-11,73.16,69.125,-5.52,False
MTX,2026-08-13,call,5,2026-09-11,73.16,69.125,-5.52,False
MTX,2026-08-13,call,10,2026-09-11,73.16,69.125,-5.52,False
LCII,2026-08-13,put,1,2026-09-11,108.18,91.39,-15.52,True
LCII,2026-08-13,put,3,2026-09-11,108.18,91.39,-15.52,True
LCII,2026-08-13,put,5,2026-09-11,108.18,91.39,-15.52,True
LCII,2026-08-13,put,10,2026-09-11,108.18,91.39,-15.52,True
URBN,2026-08-13,put,1,2026-09-11,77.545,78.125,0.75,False
URBN,2026-08-13,put,3,2026-09-11,77.545,78.125,0.75,False
URBN,2026-08-13,put,5,2026-09-11,77.545,78.125,0.75,False
URBN,2026-08-13,put,10,2026-09-11,77.545,78.125,0.75,False
PSMT,2026-08-13,call,1,2026-09-11,179.9464,169.12,-6.02,False
PSMT,2026-08-13,call,3,2026-09-11,179.9464,169.12,-6.02,False
PSMT,2026-08-13,call,5,2026-09-11,179.9464,169.12,-6.02,False
PSMT,2026-08-13,call,10,2026-09-11,179.9464,169.12,-6.02,False
PTCT,2026-08-14,call,1,2026-09-11,71.39,66.41,-6.98,False
PTCT,2026-08-14,call,3,2026-09-11,71.39,66.41,-6.98,False
PTCT,2026-08-14,call,5,2026-09-11,71.39,66.41,-6.98,False
PTCT,2026-08-14,call,10,2026-09-11,71.39,66.41,-6.98,False
GPI,2026-08-14,put,1,2026-09-11,262.645,284.7899,8.43,False
GPI,2026-08-14,put,3,2026-09-11,262.645,284.7899,8.43,False
GPI,2026-08-14,put,5,2026-09-11,262.645,284.7899,8.43,False
GPI,2026-08-14,put,10,2026-09-11,262.645,284.7899,8.43,False
ACA,2026-08-14,put,1,2026-09-11,145.39,145.55,0.11,False
ACA,2026-08-14,put,3,2026-09-11,145.39,145.55,0.11,False
ACA,2026-08-14,put,5,2026-09-11,145.39,145.55,0.11,False
ACA,2026-08-14,put,10,2026-09-11,145.39,145.55,0.11,False
RDN,2026-08-14,call,1,2026-09-11,37.17,35.85,-3.55,False
RDN,2026-08-14,call,3,2026-09-11,37.17,35.85,-3.55,False
RDN,2026-08-14,call,5,2026-09-11,37.17,35.85,-3.55,False
RDN,2026-08-14,call,10,2026-09-11,37.17,35.85,-3.55,False
SFNC,2026-08-14,call,1,2026-09-11,23.99,23.145,-3.52,False
SFNC,2026-08-14,call,3,2026-09-11,23.99,23.145,-3.52,False
SFNC,2026-08-14,call,5,2026-09-11,23.99,23.145,-3.52,False
SFNC,2026-08-14,call,10,2026-09-11,23.99,23.145,-3.52,False
CVBF,2026-08-14,call,1,2026-09-11,23.24,22.42,-3.53,False
CVBF,2026-08-14,call,3,2026-09-11,23.24,22.42,-3.53,False
CVBF,2026-08-14,call,5,2026-09-11,23.24,22.42,-3.53,False
CVBF,2026-08-14,call,10,2026-09-11,23.24,22.42,-3.53,False
NWBI,2026-08-14,call,1,2026-09-11,15.865,15.475,-2.46,False
NWBI,2026-08-14,call,3,2026-09-11,15.865,15.475,-2.46,False
NWBI,2026-08-14,call,5,2026-09-11,15.865,15.475,-2.46,False
NWBI,2026-08-14,call,10,2026-09-11,15.865,15.475,-2.46,False
KYMR,2026-08-14,call,1,2026-09-11,113.475,114.41,0.82,True
KYMR,2026-08-14,call,3,2026-09-11,113.475,114.41,0.82,True
KYMR,2026-08-14,call,5,2026-09-11,113.475,114.41,0.82,True
KYMR,2026-08-14,call,10,2026-09-11,113.475,114.41,0.82,True
MTX,2026-08-14,call,1,2026-09-11,72.59,69.125,-4.77,False
MTX,2026-08-14,call,3,2026-09-11,72.59,69.125,-4.77,False
MTX,2026-08-14,call,5,2026-09-11,72.59,69.125,-4.77,False
MTX,2026-08-14,call,10,2026-09-11,72.59,69.125,-4.77,False
ITGR,2026-08-14,put,1,2026-09-11,125.25,126.205,0.76,False
ITGR,2026-08-14,put,3,2026-09-11,125.25,126.205,0.76,False
ITGR,2026-08-14,put,5,2026-09-11,125.25,126.205,0.76,False
ITGR,2026-08-14,put,10,2026-09-11,125.25,126.205,0.76,False
NOVT,2026-08-14,put,1,2026-09-11,167.72,147.61,-11.99,True
NOVT,2026-08-14,put,3,2026-09-11,167.72,147.61,-11.99,True
NOVT,2026-08-14,put,5,2026-09-11,167.72,147.61,-11.99,True
NOVT,2026-08-14,put,10,2026-09-11,167.72,147.61,-11.99,True
VSEC,2026-08-14,put,1,2026-09-11,234.825,195.36,-16.81,True
VSEC,2026-08-14,put,3,2026-09-11,234.825,195.36,-16.81,True
VSEC,2026-08-14,put,5,2026-09-11,234.825,195.36,-16.81,True
VSEC,2026-08-14,put,10,2026-09-11,234.825,195.36,-16.81,True
PSMT,2026-08-14,call,1,2026-09-11,181.2,169.12,-6.67,False
PSMT,2026-08-14,call,3,2026-09-11,181.2,169.12,-6.67,False
PSMT,2026-08-14,call,5,2026-09-11,181.2,169.12,-6.67,False
PSMT,2026-08-14,call,10,2026-09-11,181.2,169.12,-6.67,False
VCEL,2026-08-14,call,1,2026-09-11,43.87,38.035,-13.3,False
VCEL,2026-08-14,call,3,2026-09-11,43.87,38.035,-13.3,False
VCEL,2026-08-14,call,5,2026-09-11,43.87,38.035,-13.3,False
VCEL,2026-08-14,call,10,2026-09-11,43.87,38.035,-13.3,False
CLDX,2026-08-14,call,1,2026-09-11,41.75,37.18,-10.95,False
CLDX,2026-08-14,call,3,2026-09-11,41.75,37.18,-10.95,False
CLDX,2026-08-14,call,5,2026-09-11,41.75,37.18,-10.95,False
CLDX,2026-08-14,call,10,2026-09-11,41.75,37.18,-10.95,False
HIW,2026-08-17,call,1,2026-09-11,31.51,31.0,-1.62,False
HIW,2026-08-17,call,3,2026-09-11,31.51,31.0,-1.62,False
HIW,2026-08-17,call,5,2026-09-11,31.51,31.0,-1.62,False
HIW,2026-08-17,call,10,2026-09-11,31.51,31.0,-1.62,False
DHT,2026-08-17,call,1,2026-09-11,19.52,22.235,13.91,True
DHT,2026-08-17,call,3,2026-09-11,19.52,22.235,13.91,True
DHT,2026-08-17,call,5,2026-09-11,19.52,22.235,13.91,True
DHT,2026-08-17,call,10,2026-09-11,19.52,22.235,13.91,True
APAM,2026-08-17,call,1,2026-09-11,42.18,38.53,-8.65,False
APAM,2026-08-17,call,3,2026-09-11,42.18,38.53,-8.65,False
APAM,2026-08-17,call,5,2026-09-11,42.18,38.53,-8.65,False
APAM,2026-08-17,call,10,2026-09-11,42.18,38.53,-8.65,False
DK,2026-08-17,call,1,2026-09-11,65.47,77.23,17.96,True
DK,2026-08-17,call,3,2026-09-11,65.47,77.23,17.96,True
DK,2026-08-17,call,5,2026-09-11,65.47,77.23,17.96,True
DK,2026-08-17,call,10,2026-09-11,65.47,77.23,17.96,True
KNSA,2026-08-17,call,1,2026-09-11,76.75,76.915,0.21,True
KNSA,2026-08-17,call,3,2026-09-11,76.75,76.915,0.21,True
KNSA,2026-08-17,call,5,2026-09-11,76.75,76.915,0.21,True
KNSA,2026-08-17,call,10,2026-09-11,76.75,76.915,0.21,True
PTCT,2026-08-17,call,1,2026-09-11,71.7,66.41,-7.38,False
PTCT,2026-08-17,call,3,2026-09-11,71.7,66.41,-7.38,False
PTCT,2026-08-17,call,5,2026-09-11,71.7,66.41,-7.38,False
PTCT,2026-08-17,call,10,2026-09-11,71.7,66.41,-7.38,False
ACA,2026-08-17,put,1,2026-09-11,145.4,145.55,0.1,False
ACA,2026-08-17,put,3,2026-09-11,145.4,145.55,0.1,False
ACA,2026-08-17,put,5,2026-09-11,145.4,145.55,0.1,False
ACA,2026-08-17,put,10,2026-09-11,145.4,145.55,0.1,False
GPI,2026-08-17,put,1,2026-09-11,263.95,284.7899,7.9,False
GPI,2026-08-17,put,3,2026-09-11,263.95,284.7899,7.9,False
GPI,2026-08-17,put,5,2026-09-11,263.95,284.7899,7.9,False
GPI,2026-08-17,put,10,2026-09-11,263.95,284.7899,7.9,False
RDN,2026-08-17,call,1,2026-09-11,37.26,35.85,-3.78,False
RDN,2026-08-17,call,3,2026-09-11,37.26,35.85,-3.78,False
RDN,2026-08-17,call,5,2026-09-11,37.26,35.85,-3.78,False
RDN,2026-08-17,call,10,2026-09-11,37.26,35.85,-3.78,False
CVBF,2026-08-17,call,1,2026-09-11,23.25,22.42,-3.57,False
CVBF,2026-08-17,call,3,2026-09-11,23.25,22.42,-3.57,False
CVBF,2026-08-17,call,5,2026-09-11,23.25,22.42,-3.57,False
CVBF,2026-08-17,call,10,2026-09-11,23.25,22.42,-3.57,False
SFNC,2026-08-17,call,1,2026-09-11,24.08,23.145,-3.88,False
SFNC,2026-08-17,call,3,2026-09-11,24.08,23.145,-3.88,False
SFNC,2026-08-17,call,5,2026-09-11,24.08,23.145,-3.88,False
SFNC,2026-08-17,call,10,2026-09-11,24.08,23.145,-3.88,False
NWBI,2026-08-17,call,1,2026-09-11,15.75,15.475,-1.75,False
NWBI,2026-08-17,call,3,2026-09-11,15.75,15.475,-1.75,False
NWBI,2026-08-17,call,5,2026-09-11,15.75,15.475,-1.75,False
NWBI,2026-08-17,call,10,2026-09-11,15.75,15.475,-1.75,False
WAY,2026-08-17,call,1,2026-09-11,24.78,23.24,-6.21,False
WAY,2026-08-17,call,3,2026-09-11,24.78,23.24,-6.21,False
WAY,2026-08-17,call,5,2026-09-11,24.78,23.24,-6.21,False
WAY,2026-08-17,call,10,2026-09-11,24.78,23.24,-6.21,False
MTX,2026-08-17,call,1,2026-09-11,72.98,69.125,-5.28,False
MTX,2026-08-17,call,3,2026-09-11,72.98,69.125,-5.28,False
MTX,2026-08-17,call,5,2026-09-11,72.98,69.125,-5.28,False
MTX,2026-08-17,call,10,2026-09-11,72.98,69.125,-5.28,False
NOVT,2026-08-17,put,1,2026-09-11,166.58,147.61,-11.39,True
NOVT,2026-08-17,put,3,2026-09-11,166.58,147.61,-11.39,True
NOVT,2026-08-17,put,5,2026-09-11,166.58,147.61,-11.39,True
NOVT,2026-08-17,put,10,2026-09-11,166.58,147.61,-11.39,True
REZI,2026-08-18,put,1,2026-09-11,20.64,19.01,-7.9,True
REZI,2026-08-18,put,3,2026-09-11,20.64,19.01,-7.9,True
REZI,2026-08-18,put,5,2026-09-11,20.64,19.01,-7.9,True
REZI,2026-08-18,put,10,2026-09-11,20.64,19.01,-7.9,True
LTH,2026-08-18,call,1,2026-09-11,45.34,42.181,-6.97,False
LTH,2026-08-18,call,3,2026-09-11,45.34,42.181,-6.97,False
LTH,2026-08-18,call,5,2026-09-11,45.34,42.181,-6.97,False
LTH,2026-08-18,call,10,2026-09-11,45.34,42.181,-6.97,False
HIW,2026-08-18,call,1,2026-09-11,30.66,31.0,1.11,True
HIW,2026-08-18,call,3,2026-09-11,30.66,31.0,1.11,True
HIW,2026-08-18,call,5,2026-09-11,30.66,31.0,1.11,True
HIW,2026-08-18,call,10,2026-09-11,30.66,31.0,1.11,True
APAM,2026-08-18,call,1,2026-09-11,41.48,38.53,-7.11,False
APAM,2026-08-18,call,3,2026-09-11,41.48,38.53,-7.11,False
APAM,2026-08-18,call,5,2026-09-11,41.48,38.53,-7.11,False
APAM,2026-08-18,call,10,2026-09-11,41.48,38.53,-7.11,False
ATKR,2026-08-18,call,1,2026-09-11,93.71,94.29,0.62,True
ATKR,2026-08-18,call,3,2026-09-11,93.71,94.29,0.62,True
ATKR,2026-08-18,call,5,2026-09-11,93.71,94.29,0.62,True
ATKR,2026-08-18,call,10,2026-09-11,93.71,94.29,0.62,True
HP,2026-08-18,call,1,2026-09-11,44.72,44.24,-1.07,False
HP,2026-08-18,call,3,2026-09-11,44.72,44.24,-1.07,False
HP,2026-08-18,call,5,2026-09-11,44.72,44.24,-1.07,False
HP,2026-08-18,call,10,2026-09-11,44.72,44.24,-1.07,False
KNSA,2026-08-18,call,1,2026-09-11,79.18,76.915,-2.86,False
KNSA,2026-08-18,call,3,2026-09-11,79.18,76.915,-2.86,False
KNSA,2026-08-18,call,5,2026-09-11,79.18,76.915,-2.86,False
KNSA,2026-08-18,call,10,2026-09-11,79.18,76.915,-2.86,False
PTCT,2026-08-18,call,1,2026-09-11,72.88,66.41,-8.88,False
PTCT,2026-08-18,call,3,2026-09-11,72.88,66.41,-8.88,False
PTCT,2026-08-18,call,5,2026-09-11,72.88,66.41,-8.88,False
PTCT,2026-08-18,call,10,2026-09-11,72.88,66.41,-8.88,False
ACA,2026-08-18,put,1,2026-09-11,145.01,145.55,0.37,False
ACA,2026-08-18,put,3,2026-09-11,145.01,145.55,0.37,False
ACA,2026-08-18,put,5,2026-09-11,145.01,145.55,0.37,False
ACA,2026-08-18,put,10,2026-09-11,145.01,145.55,0.37,False
GPI,2026-08-18,put,1,2026-09-11,259.68,284.7899,9.67,False
GPI,2026-08-18,put,3,2026-09-11,259.68,284.7899,9.67,False
GPI,2026-08-18,put,5,2026-09-11,259.68,284.7899,9.67,False
GPI,2026-08-18,put,10,2026-09-11,259.68,284.7899,9.67,False
RDN,2026-08-18,call,1,2026-09-11,37.05,35.85,-3.24,False
RDN,2026-08-18,call,3,2026-09-11,37.05,35.85,-3.24,False
RDN,2026-08-18,call,5,2026-09-11,37.05,35.85,-3.24,False
RDN,2026-08-18,call,10,2026-09-11,37.05,35.85,-3.24,False
CVBF,2026-08-18,call,1,2026-09-11,23.15,22.42,-3.15,False
CVBF,2026-08-18,call,3,2026-09-11,23.15,22.42,-3.15,False
CVBF,2026-08-18,call,5,2026-09-11,23.15,22.42,-3.15,False
CVBF,2026-08-18,call,10,2026-09-11,23.15,22.42,-3.15,False
NOVT,2026-08-18,put,1,2026-09-11,168.75,147.61,-12.53,True
NOVT,2026-08-18,put,3,2026-09-11,168.75,147.61,-12.53,True
NOVT,2026-08-18,put,5,2026-09-11,168.75,147.61,-12.53,True
NOVT,2026-08-18,put,10,2026-09-11,168.75,147.61,-12.53,True
SFNC,2026-08-18,call,1,2026-09-11,23.94,23.145,-3.32,False
SFNC,2026-08-18,call,3,2026-09-11,23.94,23.145,-3.32,False
SFNC,2026-08-18,call,5,2026-09-11,23.94,23.145,-3.32,False
SFNC,2026-08-18,call,10,2026-09-11,23.94,23.145,-3.32,False
NWBI,2026-08-18,call,1,2026-09-11,15.69,15.475,-1.37,False
NWBI,2026-08-18,call,3,2026-09-11,15.69,15.475,-1.37,False
NWBI,2026-08-18,call,5,2026-09-11,15.69,15.475,-1.37,False
NWBI,2026-08-18,call,10,2026-09-11,15.69,15.475,-1.37,False
HIW,2026-08-19,call,1,2026-09-11,30.85,31.0,0.49,True
HIW,2026-08-19,call,3,2026-09-11,30.85,31.0,0.49,True
HIW,2026-08-19,call,5,2026-09-11,30.85,31.0,0.49,True
HIW,2026-08-19,call,10,2026-09-11,30.85,31.0,0.49,True
TMDX,2026-08-19,put,1,2026-09-11,90.69,81.33,-10.32,True
TMDX,2026-08-19,put,3,2026-09-11,90.69,81.33,-10.32,True
TMDX,2026-08-19,put,5,2026-09-11,90.69,81.33,-10.32,True
TMDX,2026-08-19,put,10,2026-09-11,90.69,81.33,-10.32,True
APAM,2026-08-19,call,1,2026-09-11,41.67,38.53,-7.54,False
APAM,2026-08-19,call,3,2026-09-11,41.67,38.53,-7.54,False
APAM,2026-08-19,call,5,2026-09-11,41.67,38.53,-7.54,False
APAM,2026-08-19,call,10,2026-09-11,41.67,38.53,-7.54,False
WTTR,2026-08-19,call,1,2026-09-11,21.09,20.645,-2.11,False
WTTR,2026-08-19,call,3,2026-09-11,21.09,20.645,-2.11,False
WTTR,2026-08-19,call,5,2026-09-11,21.09,20.645,-2.11,False
WTTR,2026-08-19,call,10,2026-09-11,21.09,20.645,-2.11,False
ATKR,2026-08-19,call,1,2026-09-11,93.44,94.29,0.91,True
ATKR,2026-08-19,call,3,2026-09-11,93.44,94.29,0.91,True
ATKR,2026-08-19,call,5,2026-09-11,93.44,94.29,0.91,True
ATKR,2026-08-19,call,10,2026-09-11,93.44,94.29,0.91,True
MBC,2026-08-19,put,1,2026-09-11,8.85,7.485,-15.42,True
MBC,2026-08-19,put,3,2026-09-11,8.85,7.485,-15.42,True
MBC,2026-08-19,put,5,2026-09-11,8.85,7.485,-15.42,True
MBC,2026-08-19,put,10,2026-09-11,8.85,7.485,-15.42,True
ATMU,2026-08-19,call,1,2026-09-11,49.89,45.52,-8.76,False
ATMU,2026-08-19,call,3,2026-09-11,49.89,45.52,-8.76,False
ATMU,2026-08-19,call,5,2026-09-11,49.89,45.52,-8.76,False
ATMU,2026-08-19,call,10,2026-09-11,49.89,45.52,-8.76,False
PTCT,2026-08-19,call,1,2026-09-11,72.63,66.41,-8.56,False
PTCT,2026-08-19,call,3,2026-09-11,72.63,66.41,-8.56,False
PTCT,2026-08-19,call,5,2026-09-11,72.63,66.41,-8.56,False
PTCT,2026-08-19,call,10,2026-09-11,72.63,66.41,-8.56,False
ACA,2026-08-19,put,1,2026-09-11,145.35,145.55,0.14,False
ACA,2026-08-19,put,3,2026-09-11,145.35,145.55,0.14,False
ACA,2026-08-19,put,5,2026-09-11,145.35,145.55,0.14,False
ACA,2026-08-19,put,10,2026-09-11,145.35,145.55,0.14,False
GPI,2026-08-19,put,1,2026-09-11,250.01,284.7899,13.91,False
GPI,2026-08-19,put,3,2026-09-11,250.01,284.7899,13.91,False
GPI,2026-08-19,put,5,2026-09-11,250.01,284.7899,13.91,False
GPI,2026-08-19,put,10,2026-09-11,250.01,284.7899,13.91,False
REZI,2026-08-19,put,1,2026-09-11,21.02,19.01,-9.56,True
REZI,2026-08-19,put,3,2026-09-11,21.02,19.01,-9.56,True
REZI,2026-08-19,put,5,2026-09-11,21.02,19.01,-9.56,True
REZI,2026-08-19,put,10,2026-09-11,21.02,19.01,-9.56,True
CVBF,2026-08-19,call,1,2026-09-11,23.04,22.42,-2.69,False
CVBF,2026-08-19,call,3,2026-09-11,23.04,22.42,-2.69,False
CVBF,2026-08-19,call,5,2026-09-11,23.04,22.42,-2.69,False
CVBF,2026-08-19,call,10,2026-09-11,23.04,22.42,-2.69,False
SFNC,2026-08-19,call,1,2026-09-11,23.68,23.145,-2.26,False
SFNC,2026-08-19,call,3,2026-09-11,23.68,23.145,-2.26,False
SFNC,2026-08-19,call,5,2026-09-11,23.68,23.145,-2.26,False
SFNC,2026-08-19,call,10,2026-09-11,23.68,23.145,-2.26,False
NWBI,2026-08-19,call,1,2026-09-11,15.64,15.475,-1.05,False
NWBI,2026-08-19,call,3,2026-09-11,15.64,15.475,-1.05,False
NWBI,2026-08-19,call,5,2026-09-11,15.64,15.475,-1.05,False
NWBI,2026-08-19,call,10,2026-09-11,15.64,15.475,-1.05,False
NOVT,2026-08-19,put,1,2026-09-11,157.11,147.61,-6.05,True
NOVT,2026-08-19,put,3,2026-09-11,157.11,147.61,-6.05,True
NOVT,2026-08-19,put,5,2026-09-11,157.11,147.61,-6.05,True
NOVT,2026-08-19,put,10,2026-09-11,157.11,147.61,-6.05,True
BULL,2026-08-20,call,1,2026-09-11,9.755,9.21,-5.59,False
BULL,2026-08-20,call,3,2026-09-11,9.755,9.21,-5.59,False
BULL,2026-08-20,call,5,2026-09-11,9.755,9.21,-5.59,False
BULL,2026-08-20,call,10,2026-09-11,9.755,9.21,-5.59,False
AXGN,2026-08-20,call,1,2026-09-11,47.99,41.14,-14.27,False
AXGN,2026-08-20,call,3,2026-09-11,47.99,41.14,-14.27,False
AXGN,2026-08-20,call,5,2026-09-11,47.99,41.14,-14.27,False
AXGN,2026-08-20,call,10,2026-09-11,47.99,41.14,-14.27,False
HIW,2026-08-20,call,1,2026-09-11,31.26,31.0,-0.83,False
HIW,2026-08-20,call,3,2026-09-11,31.26,31.0,-0.83,False
HIW,2026-08-20,call,5,2026-09-11,31.26,31.0,-0.83,False
HIW,2026-08-20,call,10,2026-09-11,31.26,31.0,-0.83,False
BIPC,2026-08-20,call,1,2026-09-11,40.135,36.92,-8.01,False
BIPC,2026-08-20,call,3,2026-09-11,40.135,36.92,-8.01,False
BIPC,2026-08-20,call,5,2026-09-11,40.135,36.92,-8.01,False
BIPC,2026-08-20,call,10,2026-09-11,40.135,36.92,-8.01,False
APAM,2026-08-20,call,1,2026-09-11,42.22,38.53,-8.74,False
APAM,2026-08-20,call,3,2026-09-11,42.22,38.53,-8.74,False
APAM,2026-08-20,call,5,2026-09-11,42.22,38.53,-8.74,False
APAM,2026-08-20,call,10,2026-09-11,42.22,38.53,-8.74,False
KNSA,2026-08-20,call,1,2026-09-11,79.43,76.915,-3.17,False
KNSA,2026-08-20,call,3,2026-09-11,79.43,76.915,-3.17,False
KNSA,2026-08-20,call,5,2026-09-11,79.43,76.915,-3.17,False
KNSA,2026-08-20,call,10,2026-09-11,79.43,76.915,-3.17,False
KYMR,2026-08-20,call,1,2026-09-11,127.31,114.41,-10.13,False
KYMR,2026-08-20,call,3,2026-09-11,127.31,114.41,-10.13,False
KYMR,2026-08-20,call,5,2026-09-11,127.31,114.41,-10.13,False
KYMR,2026-08-20,call,10,2026-09-11,127.31,114.41,-10.13,False
ATKR,2026-08-20,call,1,2026-09-11,93.45,94.29,0.9,True
ATKR,2026-08-20,call,3,2026-09-11,93.45,94.29,0.9,True
ATKR,2026-08-20,call,5,2026-09-11,93.45,94.29,0.9,True
ATKR,2026-08-20,call,10,2026-09-11,93.45,94.29,0.9,True
ATMU,2026-08-20,call,1,2026-09-11,49.16,45.52,-7.4,False
ATMU,2026-08-20,call,3,2026-09-11,49.16,45.52,-7.4,False
ATMU,2026-08-20,call,5,2026-09-11,49.16,45.52,-7.4,False
ATMU,2026-08-20,call,10,2026-09-11,49.16,45.52,-7.4,False
ACA,2026-08-20,put,1,2026-09-11,145.25,145.55,0.21,False
ACA,2026-08-20,put,3,2026-09-11,145.25,145.55,0.21,False
ACA,2026-08-20,put,5,2026-09-11,145.25,145.55,0.21,False
ACA,2026-08-20,put,10,2026-09-11,145.25,145.55,0.21,False
MTX,2026-08-20,call,1,2026-09-11,71.46,69.125,-3.27,False
MTX,2026-08-20,call,3,2026-09-11,71.46,69.125,-3.27,False
MTX,2026-08-20,call,5,2026-09-11,71.46,69.125,-3.27,False
MTX,2026-08-20,call,10,2026-09-11,71.46,69.125,-3.27,False
CVBF,2026-08-20,call,1,2026-09-11,22.53,22.42,-0.49,False
CVBF,2026-08-20,call,3,2026-09-11,22.53,22.42,-0.49,False
CVBF,2026-08-20,call,5,2026-09-11,22.53,22.42,-0.49,False
CVBF,2026-08-20,call,10,2026-09-11,22.53,22.42,-0.49,False
PTCT,2026-08-20,call,1,2026-09-11,73.67,66.41,-9.85,False
PTCT,2026-08-20,call,3,2026-09-11,73.67,66.41,-9.85,False
PTCT,2026-08-20,call,5,2026-09-11,73.67,66.41,-9.85,False
PTCT,2026-08-20,call,10,2026-09-11,73.67,66.41,-9.85,False
SFNC,2026-08-20,call,1,2026-09-11,22.89,23.145,1.11,True
SFNC,2026-08-20,call,3,2026-09-11,22.89,23.145,1.11,True
SFNC,2026-08-20,call,5,2026-09-11,22.89,23.145,1.11,True
SFNC,2026-08-20,call,10,2026-09-11,22.89,23.145,1.11,True
NWBI,2026-08-20,call,1,2026-09-11,15.205,15.475,1.78,True
NWBI,2026-08-20,call,3,2026-09-11,15.205,15.475,1.78,True
NWBI,2026-08-20,call,5,2026-09-11,15.205,15.475,1.78,True
NWBI,2026-08-20,call,10,2026-09-11,15.205,15.475,1.78,True
PTEN,2026-08-21,call,1,2026-09-11,12.18,12.9195,6.07,True
PTEN,2026-08-21,call,3,2026-09-11,12.18,12.9195,6.07,True
PTEN,2026-08-21,call,5,2026-09-11,12.18,12.9195,6.07,True
PTEN,2026-08-21,call,10,2026-09-11,12.18,12.9195,6.07,True
ACMR,2026-08-21,call,1,2026-09-11,78.52,73.24,-6.72,False
ACMR,2026-08-21,call,3,2026-09-11,78.52,73.24,-6.72,False
ACMR,2026-08-21,call,5,2026-09-11,78.52,73.24,-6.72,False
ACMR,2026-08-21,call,10,2026-09-11,78.52,73.24,-6.72,False
MARA,2026-08-21,call,1,2026-09-11,11.15,12.225,9.64,True
MARA,2026-08-21,call,3,2026-09-11,11.15,12.225,9.64,True
MARA,2026-08-21,call,5,2026-09-11,11.15,12.225,9.64,True
MARA,2026-08-21,call,10,2026-09-11,11.15,12.225,9.64,True
HIW,2026-08-21,call,1,2026-09-11,31.47,31.0,-1.49,False
HIW,2026-08-21,call,3,2026-09-11,31.47,31.0,-1.49,False
HIW,2026-08-21,call,5,2026-09-11,31.47,31.0,-1.49,False
HIW,2026-08-21,call,10,2026-09-11,31.47,31.0,-1.49,False
OSIS,2026-08-21,call,1,2026-09-11,218.09,202.325,-7.23,False
OSIS,2026-08-21,call,3,2026-09-11,218.09,202.325,-7.23,False
OSIS,2026-08-21,call,5,2026-09-11,218.09,202.325,-7.23,False
OSIS,2026-08-21,call,10,2026-09-11,218.09,202.325,-7.23,False
BULL,2026-08-21,call,1,2026-09-11,8.85,9.21,4.07,True
BULL,2026-08-21,call,3,2026-09-11,8.85,9.21,4.07,True
BULL,2026-08-21,call,5,2026-09-11,8.85,9.21,4.07,True
BULL,2026-08-21,call,10,2026-09-11,8.85,9.21,4.07,True
APAM,2026-08-21,call,1,2026-09-11,42.05,38.53,-8.37,False
APAM,2026-08-21,call,3,2026-09-11,42.05,38.53,-8.37,False
APAM,2026-08-21,call,5,2026-09-11,42.05,38.53,-8.37,False
APAM,2026-08-21,call,10,2026-09-11,42.05,38.53,-8.37,False
ESTA,2026-08-21,put,1,2026-09-11,71.52,70.46,-1.48,True
ESTA,2026-08-21,put,3,2026-09-11,71.52,70.46,-1.48,True
ESTA,2026-08-21,put,5,2026-09-11,71.52,70.46,-1.48,True
ESTA,2026-08-21,put,10,2026-09-11,71.52,70.46,-1.48,True
MTRN,2026-08-21,put,1,2026-09-11,232.72,259.37,11.45,False
MTRN,2026-08-21,put,3,2026-09-11,232.72,259.37,11.45,False
MTRN,2026-08-21,put,5,2026-09-11,232.72,259.37,11.45,False
MTRN,2026-08-21,put,10,2026-09-11,232.72,259.37,11.45,False
ATKR,2026-08-21,call,1,2026-09-11,93.49,94.29,0.86,True
ATKR,2026-08-21,call,3,2026-09-11,93.49,94.29,0.86,True
ATKR,2026-08-21,call,5,2026-09-11,93.49,94.29,0.86,True
ATKR,2026-08-21,call,10,2026-09-11,93.49,94.29,0.86,True
ATMU,2026-08-21,call,1,2026-09-11,49.37,45.52,-7.8,False
ATMU,2026-08-21,call,3,2026-09-11,49.37,45.52,-7.8,False
ATMU,2026-08-21,call,5,2026-09-11,49.37,45.52,-7.8,False
ATMU,2026-08-21,call,10,2026-09-11,49.37,45.52,-7.8,False
CVBF,2026-08-21,call,1,2026-09-11,22.52,22.42,-0.44,False
CVBF,2026-08-21,call,3,2026-09-11,22.52,22.42,-0.44,False
CVBF,2026-08-21,call,5,2026-09-11,22.52,22.42,-0.44,False
CVBF,2026-08-21,call,10,2026-09-11,22.52,22.42,-0.44,False
MTX,2026-08-21,call,1,2026-09-11,70.46,69.125,-1.89,False
MTX,2026-08-21,call,3,2026-09-11,70.46,69.125,-1.89,False
MTX,2026-08-21,call,5,2026-09-11,70.46,69.125,-1.89,False
MTX,2026-08-21,call,10,2026-09-11,70.46,69.125,-1.89,False
SFNC,2026-08-21,call,1,2026-09-11,22.98,23.145,0.72,True
SFNC,2026-08-21,call,3,2026-09-11,22.98,23.145,0.72,True
SFNC,2026-08-21,call,5,2026-09-11,22.98,23.145,0.72,True
SFNC,2026-08-21,call,10,2026-09-11,22.98,23.145,0.72,True
AMZN,2026-08-24,call,1,2026-09-11,260.115,256.0,-1.58,False
AMZN,2026-08-24,call,3,2026-09-11,260.115,256.0,-1.58,False
AMZN,2026-08-24,call,5,2026-09-11,260.115,256.0,-1.58,False
AMZN,2026-08-24,call,10,2026-09-11,260.115,256.0,-1.58,False
AAPL,2026-08-24,call,1,2026-09-11,310.755,334.06,7.5,True
AAPL,2026-08-24,call,3,2026-09-11,310.755,334.06,7.5,True
AAPL,2026-08-24,call,5,2026-09-11,310.755,334.06,7.5,True
AAPL,2026-08-24,call,10,2026-09-11,310.755,334.06,7.5,True
AMD,2026-08-24,call,1,2026-09-11,459.83,512.64,11.48,True
AMD,2026-08-24,call,3,2026-09-11,459.83,512.64,11.48,True
AMD,2026-08-24,call,5,2026-09-11,459.83,512.64,11.48,True
AMD,2026-08-24,call,10,2026-09-11,459.83,512.64,11.48,True
AVGO,2026-08-24,call,1,2026-09-11,363.41,364.545,0.31,True
AVGO,2026-08-24,call,3,2026-09-11,363.41,364.545,0.31,True
AVGO,2026-08-24,call,5,2026-09-11,363.41,364.545,0.31,True
AVGO,2026-08-24,call,10,2026-09-11,363.41,364.545,0.31,True
AMGN,2026-08-24,call,1,2026-09-11,436.55,379.86,-12.99,False
AMGN,2026-08-24,call,3,2026-09-11,436.55,379.86,-12.99,False
AMGN,2026-08-24,call,5,2026-09-11,436.55,379.86,-12.99,False
AMGN,2026-08-24,call,10,2026-09-11,436.55,379.86,-12.99,False
BWIN,2026-08-24,call,1,2026-09-11,32.165,29.32,-8.85,False
BWIN,2026-08-24,call,3,2026-09-11,32.165,29.32,-8.85,False
BWIN,2026-08-24,call,5,2026-09-11,32.165,29.32,-8.85,False
BWIN,2026-08-24,call,10,2026-09-11,32.165,29.32,-8.85,False
BULL,2026-08-24,call,1,2026-09-11,8.545,9.21,7.78,True
BULL,2026-08-24,call,3,2026-09-11,8.545,9.21,7.78,True
BULL,2026-08-24,call,5,2026-09-11,8.545,9.21,7.78,True
BULL,2026-08-24,call,10,2026-09-11,8.545,9.21,7.78,True
ASUR,2026-08-24,call,1,2026-09-11,8.73,8.42,-3.55,False
ASUR,2026-08-24,call,3,2026-09-11,8.73,8.42,-3.55,False
ASUR,2026-08-24,call,5,2026-09-11,8.73,8.42,-3.55,False
ASUR,2026-08-24,call,10,2026-09-11,8.73,8.42,-3.55,False
ALKS,2026-08-24,call,1,2026-09-11,47.92,46.02,-3.96,False
ALKS,2026-08-24,call,3,2026-09-11,47.92,46.02,-3.96,False
ALKS,2026-08-24,call,5,2026-09-11,47.92,46.02,-3.96,False
ALKS,2026-08-24,call,10,2026-09-11,47.92,46.02,-3.96,False
ASST,2026-08-24,call,1,2026-09-11,18.8,27.83,48.03,True
ASST,2026-08-24,call,3,2026-09-11,18.8,27.83,48.03,True
ASST,2026-08-24,call,5,2026-09-11,18.8,27.83,48.03,True
ASST,2026-08-24,call,10,2026-09-11,18.8,27.83,48.03,True
ADP,2026-08-25,call,1,2026-09-11,279.89,267.6296,-4.38,False
ADP,2026-08-25,call,3,2026-09-11,279.89,267.6296,-4.38,False
ADP,2026-08-25,call,5,2026-09-11,279.89,267.6296,-4.38,False
ADP,2026-08-25,call,10,2026-09-11,279.89,267.6296,-4.38,False
AKAM,2026-08-25,put,1,2026-09-11,107.22,107.98,0.71,False
AKAM,2026-08-25,put,3,2026-09-11,107.22,107.98,0.71,False
AKAM,2026-08-25,put,5,2026-09-11,107.22,107.98,0.71,False
AKAM,2026-08-25,put,10,2026-09-11,107.22,107.98,0.71,False
COF,2026-08-25,call,1,2026-09-11,216.54,207.99,-3.95,False
COF,2026-08-25,call,3,2026-09-11,216.54,207.99,-3.95,False
COF,2026-08-25,call,5,2026-09-11,216.54,207.99,-3.95,False
COF,2026-08-25,call,10,2026-09-11,216.54,207.99,-3.95,False
AIG,2026-08-25,put,1,2026-09-11,77.455,74.78,-3.45,True
AIG,2026-08-25,put,3,2026-09-11,77.455,74.78,-3.45,True
AIG,2026-08-25,put,5,2026-09-11,77.455,74.78,-3.45,True
AIG,2026-08-25,put,10,2026-09-11,77.455,74.78,-3.45,True
BSX,2026-08-25,call,1,2026-09-11,48.9922,42.895,-12.45,False
BSX,2026-08-25,call,3,2026-09-11,48.9922,42.895,-12.45,False
BSX,2026-08-25,call,5,2026-09-11,48.9922,42.895,-12.45,False
BSX,2026-08-25,call,10,2026-09-11,48.9922,42.895,-12.45,False
ASTH,2026-08-25,call,1,2026-09-11,37.625,37.925,0.8,True
ASTH,2026-08-25,call,3,2026-09-11,37.625,37.925,0.8,True
ASTH,2026-08-25,call,5,2026-09-11,37.625,37.925,0.8,True
ASTH,2026-08-25,call,10,2026-09-11,37.625,37.925,0.8,True
CNK,2026-08-25,put,1,2026-09-11,38.315,35.12,-8.34,True
CNK,2026-08-25,put,3,2026-09-11,38.315,35.12,-8.34,True
CNK,2026-08-25,put,5,2026-09-11,38.315,35.12,-8.34,True
CNK,2026-08-25,put,10,2026-09-11,38.315,35.12,-8.34,True
ASO,2026-08-25,put,1,2026-09-11,44.19,55.16,24.82,False
ASO,2026-08-25,put,3,2026-09-11,44.19,55.16,24.82,False
ASO,2026-08-25,put,5,2026-09-11,44.19,55.16,24.82,False
ASO,2026-08-25,put,10,2026-09-11,44.19,55.16,24.82,False
AMC,2026-08-25,call,1,2026-09-11,2.68,2.47,-7.84,False
AMC,2026-08-25,call,3,2026-09-11,2.68,2.47,-7.84,False
AMC,2026-08-25,call,5,2026-09-11,2.68,2.47,-7.84,False
AMC,2026-08-25,call,10,2026-09-11,2.68,2.47,-7.84,False
BRBR,2026-08-25,call,1,2026-09-11,10.8051,9.26,-14.3,False
BRBR,2026-08-25,call,3,2026-09-11,10.8051,9.26,-14.3,False
BRBR,2026-08-25,call,5,2026-09-11,10.8051,9.26,-14.3,False
BRBR,2026-08-25,call,10,2026-09-11,10.8051,9.26,-14.3,False
BBY,2026-08-26,call,1,2026-09-11,85.54,90.49,5.79,True
BBY,2026-08-26,call,3,2026-09-11,85.54,90.49,5.79,True
BBY,2026-08-26,call,5,2026-09-11,85.54,90.49,5.79,True
BBY,2026-08-26,call,10,2026-09-11,85.54,90.49,5.79,True
AMD,2026-08-26,call,1,2026-09-11,484.9818,512.64,5.7,True
AMD,2026-08-26,call,3,2026-09-11,484.9818,512.64,5.7,True
AMD,2026-08-26,call,5,2026-09-11,484.9818,512.64,5.7,True
AMD,2026-08-26,call,10,2026-09-11,484.9818,512.64,5.7,True
AAPL,2026-08-26,call,1,2026-09-11,310.07,334.06,7.74,True
AAPL,2026-08-26,call,3,2026-09-11,310.07,334.06,7.74,True
AAPL,2026-08-26,call,5,2026-09-11,310.07,334.06,7.74,True
AAPL,2026-08-26,call,10,2026-09-11,310.07,334.06,7.74,True
AVGO,2026-08-26,call,1,2026-09-11,357.655,364.545,1.93,True
AVGO,2026-08-26,call,3,2026-09-11,357.655,364.545,1.93,True
AVGO,2026-08-26,call,5,2026-09-11,357.655,364.545,1.93,True
AVGO,2026-08-26,call,10,2026-09-11,357.655,364.545,1.93,True
AMZN,2026-08-26,call,1,2026-09-11,260.485,256.0,-1.72,False
AMZN,2026-08-26,call,3,2026-09-11,260.485,256.0,-1.72,False
AMZN,2026-08-26,call,5,2026-09-11,260.485,256.0,-1.72,False
AMZN,2026-08-26,call,10,2026-09-11,260.485,256.0,-1.72,False
CRNC,2026-08-26,call,1,2026-09-11,8.08,8.31,2.85,True
CRNC,2026-08-26,call,3,2026-09-11,8.08,8.31,2.85,True
CRNC,2026-08-26,call,5,2026-09-11,8.08,8.31,2.85,True
CRNC,2026-08-26,call,10,2026-09-11,8.08,8.31,2.85,True
ASTH,2026-08-26,call,1,2026-09-11,37.73,37.925,0.52,True
ASTH,2026-08-26,call,3,2026-09-11,37.73,37.925,0.52,True
ASTH,2026-08-26,call,5,2026-09-11,37.73,37.925,0.52,True
ASTH,2026-08-26,call,10,2026-09-11,37.73,37.925,0.52,True
ANF,2026-08-26,put,1,2026-09-11,137.48,146.825,6.8,False
ANF,2026-08-26,put,3,2026-09-11,137.48,146.825,6.8,False
ANF,2026-08-26,put,5,2026-09-11,137.48,146.825,6.8,False
ANF,2026-08-26,put,10,2026-09-11,137.48,146.825,6.8,False
BCAX,2026-08-26,call,1,2026-09-11,24.385,22.665,-7.05,False
BCAX,2026-08-26,call,3,2026-09-11,24.385,22.665,-7.05,False
BCAX,2026-08-26,call,5,2026-09-11,24.385,22.665,-7.05,False
BCAX,2026-08-26,call,10,2026-09-11,24.385,22.665,-7.05,False
CRML,2026-08-26,call,1,2026-09-11,8.185,6.655,-18.69,False
CRML,2026-08-26,call,3,2026-09-11,8.185,6.655,-18.69,False
CRML,2026-08-26,call,5,2026-09-11,8.185,6.655,-18.69,False
CRML,2026-08-26,call,10,2026-09-11,8.185,6.655,-18.69,False
CRM,2026-08-27,call,1,2026-09-11,252.05,249.04,-1.19,False
CRM,2026-08-27,call,3,2026-09-11,252.05,249.04,-1.19,False
CRM,2026-08-27,call,5,2026-09-11,252.05,249.04,-1.19,False
CRM,2026-08-27,call,10,2026-09-11,252.05,249.04,-1.19,False
ADSK,2026-08-27,call,1,2026-09-11,270.58,213.06,-21.26,False
ADSK,2026-08-27,call,3,2026-09-11,270.58,213.06,-21.26,False
ADSK,2026-08-27,call,5,2026-09-11,270.58,213.06,-21.26,False
ADSK,2026-08-27,call,10,2026-09-11,270.58,213.06,-21.26,False
CRWD,2026-08-27,call,1,2026-09-11,227.96,205.67,-9.78,False
CRWD,2026-08-27,call,3,2026-09-11,227.96,205.67,-9.78,False
CRWD,2026-08-27,call,5,2026-09-11,227.96,205.67,-9.78,False
CRWD,2026-08-27,call,10,2026-09-11,227.96,205.67,-9.78,False
AOS,2026-08-27,put,1,2026-09-11,61.95,57.76,-6.76,True
AOS,2026-08-27,put,3,2026-09-11,61.95,57.76,-6.76,True
AOS,2026-08-27,put,5,2026-09-11,61.95,57.76,-6.76,True
AOS,2026-08-27,put,10,2026-09-11,61.95,57.76,-6.76,True
AIG,2026-08-27,put,1,2026-09-11,76.63,74.78,-2.41,True
AIG,2026-08-27,put,3,2026-09-11,76.63,74.78,-2.41,True
AIG,2026-08-27,put,5,2026-09-11,76.63,74.78,-2.41,True
AIG,2026-08-27,put,10,2026-09-11,76.63,74.78,-2.41,True
CLYM,2026-08-27,put,1,2026-09-11,15.06,14.42,-4.25,True
CLYM,2026-08-27,put,3,2026-09-11,15.06,14.42,-4.25,True
CLYM,2026-08-27,put,5,2026-09-11,15.06,14.42,-4.25,True
CLYM,2026-08-27,put,10,2026-09-11,15.06,14.42,-4.25,True
ASC,2026-08-27,call,1,2026-09-11,17.66,18.655,5.63,True
ASC,2026-08-27,call,3,2026-09-11,17.66,18.655,5.63,True
ASC,2026-08-27,call,5,2026-09-11,17.66,18.655,5.63,True
ASC,2026-08-27,call,10,2026-09-11,17.66,18.655,5.63,True
BETR,2026-08-27,call,1,2026-09-11,14.59,13.1,-10.21,False
BETR,2026-08-27,call,3,2026-09-11,14.59,13.1,-10.21,False
BETR,2026-08-27,call,5,2026-09-11,14.59,13.1,-10.21,False
BETR,2026-08-27,call,10,2026-09-11,14.59,13.1,-10.21,False
BL,2026-08-27,call,1,2026-09-11,33.72,28.645,-15.05,False
BL,2026-08-27,call,3,2026-09-11,33.72,28.645,-15.05,False
BL,2026-08-27,call,5,2026-09-11,33.72,28.645,-15.05,False
BL,2026-08-27,call,10,2026-09-11,33.72,28.645,-15.05,False
AMN,2026-08-27,call,1,2026-09-11,35.08,33.56,-4.33,False
AMN,2026-08-27,call,3,2026-09-11,35.08,33.56,-4.33,False
AMN,2026-08-27,call,5,2026-09-11,35.08,33.56,-4.33,False
AMN,2026-08-27,call,10,2026-09-11,35.08,33.56,-4.33,False
ADI,2026-08-28,put,1,2026-09-11,361.78,378.41,4.6,False
ADI,2026-08-28,put,3,2026-09-11,361.78,378.41,4.6,False
ADI,2026-08-28,put,5,2026-09-11,361.78,378.41,4.6,False
ADI,2026-08-28,put,10,2026-09-11,361.78,378.41,4.6,False
AAPL,2026-08-28,call,1,2026-09-11,319.7,334.06,4.49,True
AAPL,2026-08-28,call,3,2026-09-11,319.7,334.06,4.49,True
AAPL,2026-08-28,call,5,2026-09-11,319.7,334.06,4.49,True
AAPL,2026-08-28,call,10,2026-09-11,319.7,334.06,4.49,True
AMZN,2026-08-28,call,1,2026-09-11,266.43,256.0,-3.91,False
AMZN,2026-08-28,call,3,2026-09-11,266.43,256.0,-3.91,False
AMZN,2026-08-28,call,5,2026-09-11,266.43,256.0,-3.91,False
AMZN,2026-08-28,call,10,2026-09-11,266.43,256.0,-3.91,False
DAL,2026-08-28,call,1,2026-09-11,80.07,79.945,-0.16,False
DAL,2026-08-28,call,3,2026-09-11,80.07,79.945,-0.16,False
DAL,2026-08-28,call,5,2026-09-11,80.07,79.945,-0.16,False
DAL,2026-08-28,call,10,2026-09-11,80.07,79.945,-0.16,False
CIEN,2026-08-28,put,1,2026-09-11,378.44,352.355,-6.89,True
CIEN,2026-08-28,put,3,2026-09-11,378.44,352.355,-6.89,True
CIEN,2026-08-28,put,5,2026-09-11,378.44,352.355,-6.89,True
CIEN,2026-08-28,put,10,2026-09-11,378.44,352.355,-6.89,True
ANGI,2026-08-28,call,1,2026-09-11,5.04,4.62,-8.33,False
ANGI,2026-08-28,call,3,2026-09-11,5.04,4.62,-8.33,False
ANGI,2026-08-28,call,5,2026-09-11,5.04,4.62,-8.33,False
ANGI,2026-08-28,call,10,2026-09-11,5.04,4.62,-8.33,False
AI,2026-08-28,call,1,2026-09-11,10.53,10.46,-0.66,False
AI,2026-08-28,call,3,2026-09-11,10.53,10.46,-0.66,False
AI,2026-08-28,call,5,2026-09-11,10.53,10.46,-0.66,False
AI,2026-08-28,call,10,2026-09-11,10.53,10.46,-0.66,False
ACMR,2026-08-28,call,1,2026-09-11,74.42,73.24,-1.59,False
ACMR,2026-08-28,call,3,2026-09-11,74.42,73.24,-1.59,False
ACMR,2026-08-28,call,5,2026-09-11,74.42,73.24,-1.59,False
ACMR,2026-08-28,call,10,2026-09-11,74.42,73.24,-1.59,False
CVLT,2026-08-28,call,1,2026-09-11,136.4,132.12,-3.14,False
CVLT,2026-08-28,call,3,2026-09-11,136.4,132.12,-3.14,False
CVLT,2026-08-28,call,5,2026-09-11,136.4,132.12,-3.14,False
CVLT,2026-08-28,call,10,2026-09-11,136.4,132.12,-3.14,False
BRZE,2026-08-28,call,1,2026-09-11,34.53,23.84,-30.96,False
BRZE,2026-08-28,call,3,2026-09-11,34.53,23.84,-30.96,False
BRZE,2026-08-28,call,5,2026-09-11,34.53,23.84,-30.96,False
BRZE,2026-08-28,call,10,2026-09-11,34.53,23.84,-30.96,False
AMZN,2026-08-31,call,1,2026-09-11,258.71,256.0,-1.05,False
AMZN,2026-08-31,call,3,2026-09-11,258.71,256.0,-1.05,False
AMZN,2026-08-31,call,5,2026-09-11,258.71,256.0,-1.05,False
AAPL,2026-08-31,call,1,2026-09-11,315.94,334.06,5.74,True
AAPL,2026-08-31,call,3,2026-09-11,315.94,334.06,5.74,True
AAPL,2026-08-31,call,5,2026-09-11,315.94,334.06,5.74,True
APO,2026-08-31,call,1,2026-09-11,137.7,129.2,-6.17,False
APO,2026-08-31,call,3,2026-09-11,137.7,129.2,-6.17,False
APO,2026-08-31,call,5,2026-09-11,137.7,129.2,-6.17,False
AMD,2026-08-31,call,1,2026-09-11,467.47,512.64,9.66,True
AMD,2026-08-31,call,3,2026-09-11,467.47,512.64,9.66,True
AMD,2026-08-31,call,5,2026-09-11,467.47,512.64,9.66,True
BXP,2026-08-31,call,1,2026-09-11,68.32,64.79,-5.17,False
BXP,2026-08-31,call,3,2026-09-11,68.32,64.79,-5.17,False
BXP,2026-08-31,call,5,2026-09-11,68.32,64.79,-5.17,False
ALKS,2026-08-31,put,1,2026-09-11,46.75,46.02,-1.56,True
ALKS,2026-08-31,put,3,2026-09-11,46.75,46.02,-1.56,True
ALKS,2026-08-31,put,5,2026-09-11,46.75,46.02,-1.56,True
BLZE,2026-08-31,call,1,2026-09-11,14.085,12.345,-12.35,False
BLZE,2026-08-31,call,3,2026-09-11,14.085,12.345,-12.35,False
BLZE,2026-08-31,call,5,2026-09-11,14.085,12.345,-12.35,False
CURV,2026-08-31,call,1,2026-09-11,2.175,2.32,6.67,True
CURV,2026-08-31,call,3,2026-09-11,2.175,2.32,6.67,True
CURV,2026-08-31,call,5,2026-09-11,2.175,2.32,6.67,True
BOH,2026-08-31,call,1,2026-09-11,75.81,75.86,0.07,True
BOH,2026-08-31,call,3,2026-09-11,75.81,75.86,0.07,True
BOH,2026-08-31,call,5,2026-09-11,75.81,75.86,0.07,True
ASTH,2026-08-31,call,1,2026-09-11,37.98,37.925,-0.14,False
ASTH,2026-08-31,call,3,2026-09-11,37.98,37.925,-0.14,False
ASTH,2026-08-31,call,5,2026-09-11,37.98,37.925,-0.14,False
CARR,2026-09-01,put,1,2026-09-11,57.475,57.59,0.2,False
CARR,2026-09-01,put,3,2026-09-11,57.475,57.59,0.2,False
CARR,2026-09-01,put,5,2026-09-11,57.475,57.59,0.2,False
CSX,2026-09-01,call,1,2026-09-11,48.15,48.975,1.71,True
CSX,2026-09-01,call,3,2026-09-11,48.15,48.975,1.71,True
CSX,2026-09-01,call,5,2026-09-11,48.15,48.975,1.71,True
AAPL,2026-09-01,call,1,2026-09-11,325.58,334.06,2.6,True
AAPL,2026-09-01,call,3,2026-09-11,325.58,334.06,2.6,True
AAPL,2026-09-01,call,5,2026-09-11,325.58,334.06,2.6,True
DE,2026-09-01,call,1,2026-09-11,667.13,681.43,2.14,True
DE,2026-09-01,call,3,2026-09-11,667.13,681.43,2.14,True
DE,2026-09-01,call,5,2026-09-11,667.13,681.43,2.14,True
ABBV,2026-09-01,call,1,2026-09-11,259.16,257.56,-0.62,False
ABBV,2026-09-01,call,3,2026-09-11,259.16,257.56,-0.62,False
ABBV,2026-09-01,call,5,2026-09-11,259.16,257.56,-0.62,False
ALKS,2026-09-01,put,1,2026-09-11,46.75,46.02,-1.56,True
ALKS,2026-09-01,put,3,2026-09-11,46.75,46.02,-1.56,True
ALKS,2026-09-01,put,5,2026-09-11,46.75,46.02,-1.56,True
CXM,2026-09-01,put,1,2026-09-11,7.765,5.51,-29.04,True
CXM,2026-09-01,put,3,2026-09-11,7.765,5.51,-29.04,True
CXM,2026-09-01,put,5,2026-09-11,7.765,5.51,-29.04,True
ASTH,2026-09-01,call,1,2026-09-11,38.33,37.925,-1.06,False
ASTH,2026-09-01,call,3,2026-09-11,38.33,37.925,-1.06,False
ASTH,2026-09-01,call,5,2026-09-11,38.33,37.925,-1.06,False
BOH,2026-09-01,call,1,2026-09-11,75.12,75.86,0.99,True
BOH,2026-09-01,call,3,2026-09-11,75.12,75.86,0.99,True
BOH,2026-09-01,call,5,2026-09-11,75.12,75.86,0.99,True
DAVE,2026-09-01,call,1,2026-09-11,341.5,357.555,4.7,True
DAVE,2026-09-01,call,3,2026-09-11,341.5,357.555,4.7,True
DAVE,2026-09-01,call,5,2026-09-11,341.5,357.555,4.7,True
DELL,2026-09-02,call,1,2026-09-11,456.7205,556.9289,21.94,True
DELL,2026-09-02,call,3,2026-09-11,456.7205,556.9289,21.94,True
DELL,2026-09-02,call,5,2026-09-11,456.7205,556.9289,21.94,True
AAPL,2026-09-02,call,1,2026-09-11,325.49,334.06,2.63,True
AAPL,2026-09-02,call,3,2026-09-11,325.49,334.06,2.63,True
AAPL,2026-09-02,call,5,2026-09-11,325.49,334.06,2.63,True
CBOE,2026-09-02,call,1,2026-09-11,293.02,282.285,-3.66,False
CBOE,2026-09-02,call,3,2026-09-11,293.02,282.285,-3.66,False
CBOE,2026-09-02,call,5,2026-09-11,293.02,282.285,-3.66,False
AFL,2026-09-02,call,1,2026-09-11,117.21,115.11,-1.79,False
AFL,2026-09-02,call,3,2026-09-11,117.21,115.11,-1.79,False
AFL,2026-09-02,call,5,2026-09-11,117.21,115.11,-1.79,False
DE,2026-09-02,call,1,2026-09-11,687.02,681.43,-0.81,False
DE,2026-09-02,call,3,2026-09-11,687.02,681.43,-0.81,False
DE,2026-09-02,call,5,2026-09-11,687.02,681.43,-0.81,False
ALHC,2026-09-02,call,1,2026-09-11,13.71,12.565,-8.35,False
ALHC,2026-09-02,call,3,2026-09-11,13.71,12.565,-8.35,False
ALHC,2026-09-02,call,5,2026-09-11,13.71,12.565,-8.35,False
CXM,2026-09-02,put,1,2026-09-11,7.305,5.51,-24.57,True
CXM,2026-09-02,put,3,2026-09-11,7.305,5.51,-24.57,True
CXM,2026-09-02,put,5,2026-09-11,7.305,5.51,-24.57,True
ASTH,2026-09-02,call,1,2026-09-11,38.59,37.925,-1.72,False
ASTH,2026-09-02,call,3,2026-09-11,38.59,37.925,-1.72,False
ASTH,2026-09-02,call,5,2026-09-11,38.59,37.925,-1.72,False
BOH,2026-09-02,call,1,2026-09-11,76.95,75.86,-1.42,False
BOH,2026-09-02,call,3,2026-09-11,76.95,75.86,-1.42,False
BOH,2026-09-02,call,5,2026-09-11,76.95,75.86,-1.42,False
CPF,2026-09-02,call,1,2026-09-11,37.9352,37.73,-0.54,False
CPF,2026-09-02,call,3,2026-09-11,37.9352,37.73,-0.54,False
CPF,2026-09-02,call,5,2026-09-11,37.9352,37.73,-0.54,False
AVGO,2026-09-03,call,1,2026-09-11,354.3901,364.545,2.87,True
AVGO,2026-09-03,call,3,2026-09-11,354.3901,364.545,2.87,True
AVGO,2026-09-03,call,5,2026-09-11,354.3901,364.545,2.87,True
DELL,2026-09-03,call,1,2026-09-11,519.13,556.9289,7.28,True
DELL,2026-09-03,call,3,2026-09-11,519.13,556.9289,7.28,True
DELL,2026-09-03,call,5,2026-09-11,519.13,556.9289,7.28,True
CIEN,2026-09-03,call,1,2026-09-11,321.23,352.355,9.69,True
CIEN,2026-09-03,call,3,2026-09-11,321.23,352.355,9.69,True
CIEN,2026-09-03,call,5,2026-09-11,321.23,352.355,9.69,True
AAPL,2026-09-03,call,1,2026-09-11,329.93,334.06,1.25,True
AAPL,2026-09-03,call,3,2026-09-11,329.93,334.06,1.25,True
AAPL,2026-09-03,call,5,2026-09-11,329.93,334.06,1.25,True
AFL,2026-09-03,call,1,2026-09-11,118.705,115.11,-3.03,False
AFL,2026-09-03,call,3,2026-09-11,118.705,115.11,-3.03,False
AFL,2026-09-03,call,5,2026-09-11,118.705,115.11,-3.03,False
CECO,2026-09-03,put,1,2026-09-11,73.705,78.26,6.18,False
CECO,2026-09-03,put,3,2026-09-11,73.705,78.26,6.18,False
CECO,2026-09-03,put,5,2026-09-11,73.705,78.26,6.18,False
CHPT,2026-09-03,call,1,2026-09-11,8.135,9.285,14.14,True
CHPT,2026-09-03,call,3,2026-09-11,8.135,9.285,14.14,True
CHPT,2026-09-03,call,5,2026-09-11,8.135,9.285,14.14,True
CBRL,2026-09-03,call,1,2026-09-11,54.13,49.585,-8.4,False
CBRL,2026-09-03,call,3,2026-09-11,54.13,49.585,-8.4,False
CBRL,2026-09-03,call,5,2026-09-11,54.13,49.585,-8.4,False
ALT,2026-09-03,call,1,2026-09-11,3.239,3.285,1.42,True
ALT,2026-09-03,call,3,2026-09-11,3.239,3.285,1.42,True
ALT,2026-09-03,call,5,2026-09-11,3.239,3.285,1.42,True
ACMR,2026-09-03,call,1,2026-09-11,69.38,73.24,5.56,True
ACMR,2026-09-03,call,3,2026-09-11,69.38,73.24,5.56,True
ACMR,2026-09-03,call,5,2026-09-11,69.38,73.24,5.56,True
AAPL,2026-09-04,call,1,2026-09-11,321.1053,334.06,4.03,True
AAPL,2026-09-04,call,3,2026-09-11,321.1053,334.06,4.03,True
AAPL,2026-09-04,call,5,2026-09-11,321.1053,334.06,4.03,True
ADBE,2026-09-04,call,1,2026-09-11,268.245,251.52,-6.23,False
ADBE,2026-09-04,call,3,2026-09-11,268.245,251.52,-6.23,False
ADBE,2026-09-04,call,5,2026-09-11,268.245,251.52,-6.23,False
DAL,2026-09-04,call,1,2026-09-11,79.8866,79.945,0.07,True
DAL,2026-09-04,call,3,2026-09-11,79.8866,79.945,0.07,True
DAL,2026-09-04,call,5,2026-09-11,79.8866,79.945,0.07,True
AVGO,2026-09-04,call,1,2026-09-11,355.375,364.545,2.58,True
AVGO,2026-09-04,call,3,2026-09-11,355.375,364.545,2.58,True
AVGO,2026-09-04,call,5,2026-09-11,355.375,364.545,2.58,True
AMD,2026-09-04,call,1,2026-09-11,473.62,512.64,8.24,True
AMD,2026-09-04,call,3,2026-09-11,473.62,512.64,8.24,True
AMD,2026-09-04,call,5,2026-09-11,473.62,512.64,8.24,True
BANF,2026-09-04,call,1,2026-09-11,113.72,111.065,-2.33,False
BANF,2026-09-04,call,3,2026-09-11,113.72,111.065,-2.33,False
BANF,2026-09-04,call,5,2026-09-11,113.72,111.065,-2.33,False
CECO,2026-09-04,put,1,2026-09-11,75.32,78.26,3.9,False
CECO,2026-09-04,put,3,2026-09-11,75.32,78.26,3.9,False
CECO,2026-09-04,put,5,2026-09-11,75.32,78.26,3.9,False
CHPT,2026-09-04,put,1,2026-09-11,9.885,9.285,-6.07,True
CHPT,2026-09-04,put,3,2026-09-11,9.885,9.285,-6.07,True
CHPT,2026-09-04,put,5,2026-09-11,9.885,9.285,-6.07,True
AVBP,2026-09-04,call,1,2026-09-11,30.74,28.35,-7.77,False
AVBP,2026-09-04,call,3,2026-09-11,30.74,28.35,-7.77,False
AVBP,2026-09-04,call,5,2026-09-11,30.74,28.35,-7.77,False
AMC,2026-09-04,call,1,2026-09-11,2.685,2.47,-8.01,False
AMC,2026-09-04,call,3,2026-09-11,2.685,2.47,-8.01,False
AMC,2026-09-04,call,5,2026-09-11,2.685,2.47,-8.01,False
BLK,2026-09-07,call,1,2026-09-11,1122.29,1088.22,-3.04,False
BLK,2026-09-07,call,3,2026-09-11,1122.29,1088.22,-3.04,False
AEE,2026-09-07,call,1,2026-09-11,106.47,105.19,-1.2,False
AEE,2026-09-07,call,3,2026-09-11,106.47,105.19,-1.2,False
AMZN,2026-09-07,call,1,2026-09-11,258.51,256.0,-0.97,False
AMZN,2026-09-07,call,3,2026-09-11,258.51,256.0,-0.97,False
AAPL,2026-09-07,call,1,2026-09-11,319.97,334.06,4.4,True
AAPL,2026-09-07,call,3,2026-09-11,319.97,334.06,4.4,True
AVGO,2026-09-07,call,1,2026-09-11,357.9,364.545,1.86,True
AVGO,2026-09-07,call,3,2026-09-11,357.9,364.545,1.86,True
BANF,2026-09-07,call,1,2026-09-11,112.89,111.065,-1.62,False
BANF,2026-09-07,call,3,2026-09-11,112.89,111.065,-1.62,False
CHPT,2026-09-07,put,1,2026-09-11,9.89,9.285,-6.12,True
CHPT,2026-09-07,put,3,2026-09-11,9.89,9.285,-6.12,True
ASTE,2026-09-07,call,1,2026-09-11,44.22,41.81,-5.45,False
ASTE,2026-09-07,call,3,2026-09-11,44.22,41.81,-5.45,False
AMBA,2026-09-07,call,1,2026-09-11,62.89,67.94,8.03,True
AMBA,2026-09-07,call,3,2026-09-11,62.89,67.94,8.03,True
AI,2026-09-07,call,1,2026-09-11,10.46,10.46,0.0,False
AI,2026-09-07,call,3,2026-09-11,10.46,10.46,0.0,False
BLK,2026-09-08,call,1,2026-09-11,1104.99,1088.22,-1.52,False
BLK,2026-09-08,call,3,2026-09-11,1104.99,1088.22,-1.52,False
AMD,2026-09-08,call,1,2026-09-11,509.3,512.64,0.66,True
AMD,2026-09-08,call,3,2026-09-11,509.3,512.64,0.66,True
AVGO,2026-09-08,call,1,2026-09-11,366.36,364.545,-0.5,False
AVGO,2026-09-08,call,3,2026-09-11,366.36,364.545,-0.5,False
AMZN,2026-09-08,call,1,2026-09-11,257.365,256.0,-0.53,False
AMZN,2026-09-08,call,3,2026-09-11,257.365,256.0,-0.53,False
AAPL,2026-09-08,call,1,2026-09-11,316.12,334.06,5.68,True
AAPL,2026-09-08,call,3,2026-09-11,316.12,334.06,5.68,True
BKV,2026-09-08,call,1,2026-09-11,26.825,24.32,-9.34,False
BKV,2026-09-08,call,3,2026-09-11,26.825,24.32,-9.34,False
CRI,2026-09-08,call,1,2026-09-11,32.45,30.355,-6.46,False
CRI,2026-09-08,call,3,2026-09-11,32.45,30.355,-6.46,False
BVS,2026-09-08,call,1,2026-09-11,13.84,12.97,-6.29,False
BVS,2026-09-08,call,3,2026-09-11,13.84,12.97,-6.29,False
AVBP,2026-09-08,call,1,2026-09-11,30.93,28.35,-8.34,False
AVBP,2026-09-08,call,3,2026-09-11,30.93,28.35,-8.34,False
CPF,2026-09-08,call,1,2026-09-11,37.9,37.73,-0.45,False
CPF,2026-09-08,call,3,2026-09-11,37.9,37.73,-0.45,False
ALGN,2026-09-09,call,1,2026-09-11,152.57,150.335,-1.46,False
AMD,2026-09-09,call,1,2026-09-11,523.9268,512.64,-2.15,False
BLK,2026-09-09,call,1,2026-09-11,1081.385,1088.22,0.63,True
AAPL,2026-09-09,call,1,2026-09-11,313.975,334.06,6.4,True
AMZN,2026-09-09,call,1,2026-09-11,251.935,256.0,1.61,True
BVS,2026-09-09,call,1,2026-09-11,13.745,12.97,-5.64,False
CPF,2026-09-09,call,1,2026-09-11,37.23,37.73,1.34,True
CVBF,2026-09-09,call,1,2026-09-11,22.035,22.42,1.75,True
CTNM,2026-09-09,call,1,2026-09-11,15.57,14.68,-5.72,False
ARTV,2026-09-09,put,1,2026-09-11,10.83,10.21,-5.72,True
AAPL,2026-09-10,call,1,2026-09-11,323.13,334.06,3.38,True
BLK,2026-09-10,call,1,2026-09-11,1070.4851,1088.22,1.66,True
AMD,2026-09-10,call,1,2026-09-11,504.31,512.64,1.65,True
AMZN,2026-09-10,call,1,2026-09-11,252.39,256.0,1.43,True
BRZE,2026-09-10,put,1,2026-09-11,24.225,23.84,-1.59,True
BWIN,2026-09-10,call,1,2026-09-11,29.59,29.32,-0.91,False
BNED,2026-09-10,put,1,2026-09-11,11.07,11.35,2.53,False
BVS,2026-09-10,call,1,2026-09-11,13.405,12.97,-3.25,False
AXGN,2026-09-10,call,1,2026-09-11,42.655,41.14,-3.55,False
